name,phone_number,address,district,city,province,postal_code,rating,reviews,latitude,longitude,location_link
TB Subur Makmur,(024) 3511888,"Jl. MT. Haryono No.65, Purwodinatan, Kec. Semarang Tengah, Kota Semarang, Jawa Tengah 50137",Kec. Semarang Tengah,Kota Semarang,Jawa Tengah,50137,4.9,555,-6.9721843,110.4310073,"https://www.google.com/maps/place/TB+Subur+Makmur/@-6.9721843,110.4129829,15z/data=!4m11!1m3!2m2!1sToko+Bahan+Bangunan+Kota+Semarang!6e6!3m6!1s0x2e70f35463d94545:0xa3829f66e38435ea!8m2!3d-6.9721843!4d110.4310073!15sCiFUb2tvIEJhaGFuIEJhbmd1bmFuIEtvdGEgU2VtYXJhbmdaIyIhdG9rbyBiYWhhbiBiYW5ndW5hbiBrb3RhIHNlbWFyYW5nkgEVZHJ5X3dhbGxfc3VwcGx5X3N0b3Jl4AEA!16s%2Fg%2F1hm33tztx?entry=ttu&g_ep=EgoyMDI0MTExOS4yIKXMDSoASAFQAw%3D%3D"
AJBS Bahan Bangunan Semarang,628113525179,"Jl. Majapahit No.256-258, Kalicari, Kec. Pedurungan, Kota Semarang, Jawa Tengah 50198",Kec. Pedurungan,Kota Semarang,Jawa Tengah,50198,4.5,2725,-7.0057546,110.4553156,"https://www.google.com/maps/place/AJBS+Bahan+Bangunan+Semarang/@-7.0057546,110.4372912,15z/data=!4m11!1m3!2m2!1sToko+Bahan+Bangunan+Kota+Semarang!6e6!3m6!1s0x2e708cf22355ad99:0xa16f2f3a3cb94a5a!8m2!3d-7.0057546!4d110.4553156!15sCiFUb2tvIEJhaGFuIEJhbmd1bmFuIEtvdGEgU2VtYXJhbmdaIyIhdG9rbyBiYWhhbiBiYW5ndW5hbiBrb3RhIHNlbWFyYW5nkgEYYnVpbGRpbmdfbWF0ZXJpYWxzX3N0b3Jl4AEA!16s%2Fg%2F1hm3w4fhg?entry=ttu&g_ep=EgoyMDI0MTExOS4yIKXMDSoASAFQAw%3D%3D"
Sariaji Sejahtera | Toko Material Bahan Bangunan Komplit di Semarang,6281393070957,"Jl. Mgr Sugiyopranoto No.38, Bulustalan, Kec. Semarang Sel., Kota Semarang, Jawa Tengah 50246",Kec. Semarang Sel.,Kota Semarang,Jawa Tengah,50246,4.4,131,-6.982971,110.405649,"https://www.google.com/maps/place/Sariaji+Sejahtera+%7C+Toko+Material+Bahan+Bangunan+Komplit+di+Semarang/@-6.982971,110.3876246,15z/data=!4m11!1m3!2m2!1sToko+Bahan+Bangunan+Kota+Semarang!6e6!3m6!1s0x2e708b4909524a9d:0x1327a8c5b1a2c8d9!8m2!3d-6.982971!4d110.405649!15sCiFUb2tvIEJhaGFuIEJhbmd1bmFuIEtvdGEgU2VtYXJhbmdaIyIhdG9rbyBiYWhhbiBiYW5ndW5hbiBrb3RhIHNlbWFyYW5nkgEbYnVpbGRpbmdfbWF0ZXJpYWxzX3N1cHBsaWVy4AEA!16s%2Fg%2F1hm5w2n0g?entry=ttu&g_ep=EgoyMDI0MTExOS4yIKXMDSoASAFQAw%3D%3D"
Mitra10 Semarang Supermarket Bahan Bangunan,6287800021010,"Jl. Soekarno Hatta No.299, Kalicari, Kec. Pedurungan, Kota Semarang, Jawa Tengah 50198",Kec. Pedurungan,Kota Semarang,Jawa Tengah,50198,4.5,1470,-6.9872121,110.4553577,"https://www.google.com/maps/place/Mitra10+Semarang+Supermarket+Bahan+Bangunan/@-6.9872121,110.4373333,15z/data=!4m11!1m3!2m2!1sToko+Bahan+Bangunan+Kota+Semarang!6e6!3m6!1s0x2e708d5f2dc119dd:0x932579e2e75ceaac!8m2!3d-6.9872121!4d110.4553577!15sCiFUb2tvIEJhaGFuIEJhbmd1bmFuIEtvdGEgU2VtYXJhbmdaIyIhdG9rbyBiYWhhbiBiYW5ndW5hbiBrb3RhIHNlbWFyYW5nkgEZYnVpbGRpbmdfbWF0ZXJpYWxzX21hcmtldJoBJENoZERTVWhOTUc5blMwVkpRMEZuU1VOdGEzWklaVEozUlJBQuABAA!16s%2Fg%2F11qnff1d1k?entry=ttu&g_ep=EgoyMDI0MTExOS4yIKXMDSoASAFQAw%3D%3D"
Toko Bangunanku,62811297850,"Jl. Suyudono No.72, Bulustalan, Kec. Semarang Sel., Kota Semarang, Jawa Tengah 50244",Kec. Semarang Sel.,Kota Semarang,Jawa Tengah,50244,4.3,278,-6.9865155,110.4053783,"https://www.google.com/maps/place/Toko+Bangunanku/@-6.9865155,110.3873539,15z/data=!4m11!1m3!2m2!1sToko+Bahan+Bangunan+Kota+Semarang!6e6!3m6!1s0x2e708b47c991debf:0x598265d48e1850a0!8m2!3d-6.9865155!4d110.4053783!15sCiFUb2tvIEJhaGFuIEJhbmd1bmFuIEtvdGEgU2VtYXJhbmdaIyIhdG9rbyBiYWhhbiBiYW5ndW5hbiBrb3RhIHNlbWFyYW5nkgEYYnVpbGRpbmdfbWF0ZXJpYWxzX3N0b3Jl4AEA!16s%2Fg%2F11bc7t31nb?entry=ttu&g_ep=EgoyMDI0MTExOS4yIKXMDSoASAFQAw%3D%3D"
Toko Bangunanku,62811297850,"Jl. Suyudono No.72, Bulustalan, Kec. Semarang Sel., Kota Semarang, Jawa Tengah 50244",Kec. Semarang Sel.,Kota Semarang,Jawa Tengah,50244,4.3,278,-6.9865155,110.4053783,"https://www.google.com/maps/place/Toko+Bangunanku/@-6.9865155,110.3873539,15z/data=!4m11!1m3!2m2!1sToko+Bahan+Bangunan+Kota+Semarang!6e6!3m6!1s0x2e708b47c991debf:0x598265d48e1850a0!8m2!3d-6.9865155!4d110.4053783!15sCiFUb2tvIEJhaGFuIEJhbmd1bmFuIEtvdGEgU2VtYXJhbmdaIyIhdG9rbyBiYWhhbiBiYW5ndW5hbiBrb3RhIHNlbWFyYW5nkgEYYnVpbGRpbmdfbWF0ZXJpYWxzX3N0b3Jl4AEA!16s%2Fg%2F11bc7t31nb?entry=ttu&g_ep=EgoyMDI0MTExOS4yIKXMDSoASAFQAw%3D%3D"
"Toko Bangunan SMB ""Sumber Material Bangunan""",(024) 3513214,"Jl. Bugangan Raya No.9, Rejosari, Kec. Semarang Tim., Kota Semarang, Jawa Tengah 50125",Kec. Semarang Tim.,Kota Semarang,Jawa Tengah,50125,4.5,22,-6.9755875,110.4366172,"https://www.google.com/maps/place/Toko+Bangunan+SMB+%22Sumber+Material+Bangunan%22/@-6.9755875,110.4185928,15z/data=!4m11!1m3!2m2!1sToko+Bahan+Bangunan+Kota+Semarang!6e6!3m6!1s0x2e708cb2bb2883ff:0x8b18fc1f0f65446b!8m2!3d-6.9755875!4d110.4366172!15sCiFUb2tvIEJhaGFuIEJhbmd1bmFuIEtvdGEgU2VtYXJhbmdaIyIhdG9rbyBiYWhhbiBiYW5ndW5hbiBrb3RhIHNlbWFyYW5nkgEYYnVpbGRpbmdfbWF0ZXJpYWxzX3N0b3Jl4AEA!16s%2Fg%2F11dxcgygzx?entry=ttu&g_ep=EgoyMDI0MTExOS4yIKXMDSoASAFQAw%3D%3D"
"Toko Bangunan SMB ""Sumber Material Bangunan""",(024) 3513214,"Jl. Bugangan Raya No.9, Rejosari, Kec. Semarang Tim., Kota Semarang, Jawa Tengah 50125",Kec. Semarang Tim.,Kota Semarang,Jawa Tengah,50125,4.5,22,-6.9755875,110.4366172,"https://www.google.com/maps/place/Toko+Bangunan+SMB+%22Sumber+Material+Bangunan%22/@-6.9755875,110.4185928,15z/data=!4m11!1m3!2m2!1sToko+Bahan+Bangunan+Kota+Semarang!6e6!3m6!1s0x2e708cb2bb2883ff:0x8b18fc1f0f65446b!8m2!3d-6.9755875!4d110.4366172!15sCiFUb2tvIEJhaGFuIEJhbmd1bmFuIEtvdGEgU2VtYXJhbmdaIyIhdG9rbyBiYWhhbiBiYW5ndW5hbiBrb3RhIHNlbWFyYW5nkgEYYnVpbGRpbmdfbWF0ZXJpYWxzX3N0b3Jl4AEA!16s%2Fg%2F11dxcgygzx?entry=ttu&g_ep=EgoyMDI0MTExOS4yIKXMDSoASAFQAw%3D%3D"
TB Kalibaru Material Bangunan,6282279652258,"Jl. Kapten Laut Wiratno, Bandarharjo, Kec. Semarang Utara, Kota Semarang, Jawa Tengah 50136",Kec. Semarang Utara,Kota Semarang,Jawa Tengah,50136,4.7,20,-6.9586508,110.4212235,"https://www.google.com/maps/place/TB+Kalibaru+Material+Bangunan/@-6.9586508,110.4031991,15z/data=!4m11!1m3!2m2!1sToko+Bahan+Bangunan+Kota+Semarang!6e6!3m6!1s0x2e70f5d4e205058b:0x584e3de23daa0061!8m2!3d-6.9586508!4d110.4212235!15sCiFUb2tvIEJhaGFuIEJhbmd1bmFuIEtvdGEgU2VtYXJhbmdaIyIhdG9rbyBiYWhhbiBiYW5ndW5hbiBrb3RhIHNlbWFyYW5nkgEYYnVpbGRpbmdfbWF0ZXJpYWxzX3N0b3Jl4AEA!16s%2Fg%2F11fk2gd4wq?entry=ttu&g_ep=EgoyMDI0MTExOS4yIKXMDSoASAFQAw%3D%3D"
TB Kalibaru Material Bangunan,6282279652258,"Jl. Kapten Laut Wiratno, Bandarharjo, Kec. Semarang Utara, Kota Semarang, Jawa Tengah 50136",Kec. Semarang Utara,Kota Semarang,Jawa Tengah,50136,4.7,20,-6.9586508,110.4212235,"https://www.google.com/maps/place/TB+Kalibaru+Material+Bangunan/@-6.9586508,110.4031991,15z/data=!4m11!1m3!2m2!1sToko+Bahan+Bangunan+Kota+Semarang!6e6!3m6!1s0x2e70f5d4e205058b:0x584e3de23daa0061!8m2!3d-6.9586508!4d110.4212235!15sCiFUb2tvIEJhaGFuIEJhbmd1bmFuIEtvdGEgU2VtYXJhbmdaIyIhdG9rbyBiYWhhbiBiYW5ndW5hbiBrb3RhIHNlbWFyYW5nkgEYYnVpbGRpbmdfbWF0ZXJpYWxzX3N0b3Jl4AEA!16s%2Fg%2F11fk2gd4wq?entry=ttu&g_ep=EgoyMDI0MTExOS4yIKXMDSoASAFQAw%3D%3D"
Cv. Putra Jaya Mandiri,6281393486269,"Jl. Citarum No.68, Bugangan, Kec. Semarang Tim., Kota Semarang, Jawa Tengah 50126",Kec. Semarang Tim.,Kota Semarang,Jawa Tengah,50126,4.9,18,-6.9696766,110.436721,"https://www.google.com/maps/place/Cv.+Putra+Jaya+Mandiri/@-6.9696766,110.4186966,15z/data=!4m11!1m3!2m2!1sToko+Bahan+Bangunan+Kota+Semarang!6e6!3m6!1s0x2e70f36eefeb3139:0x6d5e628dbb104fa4!8m2!3d-6.9696766!4d110.436721!15sCiFUb2tvIEJhaGFuIEJhbmd1bmFuIEtvdGEgU2VtYXJhbmdaIyIhdG9rbyBiYWhhbiBiYW5ndW5hbiBrb3RhIHNlbWFyYW5nkgEYYnVpbGRpbmdfbWF0ZXJpYWxzX3N0b3Jl4AEA!16s%2Fg%2F11f5psg3qn?entry=ttu&g_ep=EgoyMDI0MTExOS4yIKXMDSoASAFQAw%3D%3D"
Cv. Putra Jaya Mandiri,6281393486269,"Jl. Citarum No.68, Bugangan, Kec. Semarang Tim., Kota Semarang, Jawa Tengah 50126",Kec. Semarang Tim.,Kota Semarang,Jawa Tengah,50126,4.9,18,-6.9696766,110.436721,"https://www.google.com/maps/place/Cv.+Putra+Jaya+Mandiri/@-6.9696766,110.4186966,15z/data=!4m11!1m3!2m2!1sToko+Bahan+Bangunan+Kota+Semarang!6e6!3m6!1s0x2e70f36eefeb3139:0x6d5e628dbb104fa4!8m2!3d-6.9696766!4d110.436721!15sCiFUb2tvIEJhaGFuIEJhbmd1bmFuIEtvdGEgU2VtYXJhbmdaIyIhdG9rbyBiYWhhbiBiYW5ndW5hbiBrb3RhIHNlbWFyYW5nkgEYYnVpbGRpbmdfbWF0ZXJpYWxzX3N0b3Jl4AEA!16s%2Fg%2F11f5psg3qn?entry=ttu&g_ep=EgoyMDI0MTExOS4yIKXMDSoASAFQAw%3D%3D"
Toko Bangunan Dita Pratama,6287832657982,"Jl. Jeruk Kingkit No.84, Kebonagung, Kec. Semarang Tim., Kota Semarang, Jawa Tengah 50123",Kec. Semarang Tim.,Kota Semarang,Jawa Tengah,50123,5.0,4,-6.9719516,110.4328252,"https://www.google.com/maps/place/Toko+Bangunan+Dita+Pratama/@-6.9696766,110.4186966,15z/data=!4m11!1m3!2m2!1sToko+Bahan+Bangunan+Kota+Semarang!6e6!3m6!1s0x2e70f3a1ead4f6eb:0x708599805369b6d0!8m2!3d-6.9719516!4d110.4328252!15sCiFUb2tvIEJhaGFuIEJhbmd1bmFuIEtvdGEgU2VtYXJhbmdaIyIhdG9rbyBiYWhhbiBiYW5ndW5hbiBrb3RhIHNlbWFyYW5nkgEYYnVpbGRpbmdfbWF0ZXJpYWxzX3N0b3Jl4AEA!16s%2Fg%2F11k5j79qwx?entry=ttu&g_ep=EgoyMDI0MTExOS4yIKXMDSoASAFQAw%3D%3D"
Toko Bangunan Dita Pratama,6287832657982,"Jl. Jeruk Kingkit No.84, Kebonagung, Kec. Semarang Tim., Kota Semarang, Jawa Tengah 50123",Kec. Semarang Tim.,Kota Semarang,Jawa Tengah,50123,5.0,4,-6.9719516,110.4328252,"https://www.google.com/maps/place/Toko+Bangunan+Dita+Pratama/@-6.9696766,110.4186966,15z/data=!4m11!1m3!2m2!1sToko+Bahan+Bangunan+Kota+Semarang!6e6!3m6!1s0x2e70f3a1ead4f6eb:0x708599805369b6d0!8m2!3d-6.9719516!4d110.4328252!15sCiFUb2tvIEJhaGFuIEJhbmd1bmFuIEtvdGEgU2VtYXJhbmdaIyIhdG9rbyBiYWhhbiBiYW5ndW5hbiBrb3RhIHNlbWFyYW5nkgEYYnVpbGRpbmdfbWF0ZXJpYWxzX3N0b3Jl4AEA!16s%2Fg%2F11k5j79qwx?entry=ttu&g_ep=EgoyMDI0MTExOS4yIKXMDSoASAFQAw%3D%3D"
Toko Anugrah Makmur Sejahtera,(024) 3542405,"Jl. Pekojan No.67 A, Purwodinatan, Kec. Semarang Tengah, Kota Semarang, Jawa Tengah 50137",Kec. Semarang Tengah,Kota Semarang,Jawa Tengah,50137,4.5,25,-6.9734345,110.4282,"https://www.google.com/maps/place/Toko+Anugrah+Makmur+Sejahtera/@-6.9734345,110.4101756,15z/data=!4m11!1m3!2m2!1sToko+Bahan+Bangunan+Kota+Semarang!6e6!3m6!1s0x2e70f3553cb25825:0x30d5e4303b0bb07!8m2!3d-6.9734345!4d110.4282!15sCiFUb2tvIEJhaGFuIEJhbmd1bmFuIEtvdGEgU2VtYXJhbmdaIyIhdG9rbyBiYWhhbiBiYW5ndW5hbiBrb3RhIHNlbWFyYW5nkgEYYnVpbGRpbmdfbWF0ZXJpYWxzX3N0b3Jl4AEA!16s%2Fg%2F11dym7pl1_?entry=ttu&g_ep=EgoyMDI0MTExOS4yIKXMDSoASAFQAw%3D%3D"
Toko Anugrah Makmur Sejahtera,(024) 3542405,"Jl. Pekojan No.67 A, Purwodinatan, Kec. Semarang Tengah, Kota Semarang, Jawa Tengah 50137",Kec. Semarang Tengah,Kota Semarang,Jawa Tengah,50137,4.5,25,-6.9734345,110.4282,"https://www.google.com/maps/place/Toko+Anugrah+Makmur+Sejahtera/@-6.9734345,110.4101756,15z/data=!4m11!1m3!2m2!1sToko+Bahan+Bangunan+Kota+Semarang!6e6!3m6!1s0x2e70f3553cb25825:0x30d5e4303b0bb07!8m2!3d-6.9734345!4d110.4282!15sCiFUb2tvIEJhaGFuIEJhbmd1bmFuIEtvdGEgU2VtYXJhbmdaIyIhdG9rbyBiYWhhbiBiYW5ndW5hbiBrb3RhIHNlbWFyYW5nkgEYYnVpbGRpbmdfbWF0ZXJpYWxzX3N0b3Jl4AEA!16s%2Fg%2F11dym7pl1_?entry=ttu&g_ep=EgoyMDI0MTExOS4yIKXMDSoASAFQAw%3D%3D"
Toko Bangunan Mekar Jaya,6281326120088,"Jl. MT. Haryono No.219, Jagalan, Kec. Semarang Tengah, Kota Semarang, Jawa Tengah 50136",Kec. Semarang Tengah,Kota Semarang,Jawa Tengah,50136,4.3,30,-6.9767297,110.4310872,"https://www.google.com/maps/place/Toko+Bangunan+Mekar+Jaya/@-6.9734345,110.4101756,15z/data=!4m11!1m3!2m2!1sToko+Bahan+Bangunan+Kota+Semarang!6e6!3m6!1s0x2e708dab6cd425a5:0x5395ccb9a0c5fa61!8m2!3d-6.9767297!4d110.4310872!15sCiFUb2tvIEJhaGFuIEJhbmd1bmFuIEtvdGEgU2VtYXJhbmdaIyIhdG9rbyBiYWhhbiBiYW5ndW5hbiBrb3RhIHNlbWFyYW5nkgEKdG9vbF9zdG9yZeABAA!16s%2Fg%2F11f7by8rfl?entry=ttu&g_ep=EgoyMDI0MTExOS4yIKXMDSoASAFQAw%3D%3D"
Toko Besi Alfa Jaya,628112784226,"Jl. Citarum No.58, Bugangan, Kec. Semarang Tim., Kota Semarang, Jawa Tengah 50126",Kec. Semarang Tim.,Kota Semarang,Jawa Tengah,50126,4.6,35,-6.9697818,110.4358852,"https://www.google.com/maps/place/Toko+Besi+Alfa+Jaya/@-6.9734345,110.4101756,15z/data=!4m11!1m3!2m2!1sToko+Bahan+Bangunan+Kota+Semarang!6e6!3m6!1s0x2e70f352278f317d:0xcd5489a1464600e6!8m2!3d-6.9697818!4d110.4358852!15sCiFUb2tvIEJhaGFuIEJhbmd1bmFuIEtvdGEgU2VtYXJhbmdaIyIhdG9rbyBiYWhhbiBiYW5ndW5hbiBrb3RhIHNlbWFyYW5nkgEZYnVpbGRpbmdfbWF0ZXJpYWxzX21hcmtldJoBI0NoWkRTVWhOTUc5blMwVkpRMEZuU1VSWWVUVnlVR1ZuRUFF4AEA!16s%2Fg%2F11bz_3myc1?entry=ttu&g_ep=EgoyMDI0MTExOS4yIKXMDSoASAFQAw%3D%3D"
Toko Besi Alfa Jaya,628112784226,"Jl. Citarum No.58, Bugangan, Kec. Semarang Tim., Kota Semarang, Jawa Tengah 50126",Kec. Semarang Tim.,Kota Semarang,Jawa Tengah,50126,4.6,35,-6.9697818,110.4358852,"https://www.google.com/maps/place/Toko+Besi+Alfa+Jaya/@-6.9734345,110.4101756,15z/data=!4m11!1m3!2m2!1sToko+Bahan+Bangunan+Kota+Semarang!6e6!3m6!1s0x2e70f352278f317d:0xcd5489a1464600e6!8m2!3d-6.9697818!4d110.4358852!15sCiFUb2tvIEJhaGFuIEJhbmd1bmFuIEtvdGEgU2VtYXJhbmdaIyIhdG9rbyBiYWhhbiBiYW5ndW5hbiBrb3RhIHNlbWFyYW5nkgEZYnVpbGRpbmdfbWF0ZXJpYWxzX21hcmtldJoBI0NoWkRTVWhOTUc5blMwVkpRMEZuU1VSWWVUVnlVR1ZuRUFF4AEA!16s%2Fg%2F11bz_3myc1?entry=ttu&g_ep=EgoyMDI0MTExOS4yIKXMDSoASAFQAw%3D%3D"
Toko Besi Alfa Jaya,628112784226,"Jl. Citarum No.58, Bugangan, Kec. Semarang Tim., Kota Semarang, Jawa Tengah 50126",Kec. Semarang Tim.,Kota Semarang,Jawa Tengah,50126,4.6,35,-6.9697818,110.4358852,"https://www.google.com/maps/place/Toko+Besi+Alfa+Jaya/@-6.9734345,110.4101756,15z/data=!4m11!1m3!2m2!1sToko+Bahan+Bangunan+Kota+Semarang!6e6!3m6!1s0x2e70f352278f317d:0xcd5489a1464600e6!8m2!3d-6.9697818!4d110.4358852!15sCiFUb2tvIEJhaGFuIEJhbmd1bmFuIEtvdGEgU2VtYXJhbmdaIyIhdG9rbyBiYWhhbiBiYW5ndW5hbiBrb3RhIHNlbWFyYW5nkgEZYnVpbGRpbmdfbWF0ZXJpYWxzX21hcmtldJoBI0NoWkRTVWhOTUc5blMwVkpRMEZuU1VSWWVUVnlVR1ZuRUFF4AEA!16s%2Fg%2F11bz_3myc1?entry=ttu&g_ep=EgoyMDI0MTExOS4yIKXMDSoASAFQAw%3D%3D"
Sinar Bangunan Toko,(024) 3544707,"JL. Pekojan, No. 4, Purwodinatan, Semarang Timur, Purwodinatan, Kec. Semarang Tengah, Kota Semarang, Jawa Tengah 50121",Kec. Semarang Tengah,Kota Semarang,Jawa Tengah,50121,3.8,4,-6.9728157,110.4279665,"https://www.google.com/maps/place/Sinar+Bangunan+Toko/@-6.9734345,110.4101756,15z/data=!4m11!1m3!2m2!1sToko+Bahan+Bangunan+Kota+Semarang!6e6!3m6!1s0x2e70f3550bb92597:0x993705bc3f2eb56d!8m2!3d-6.9728157!4d110.4279665!15sCiFUb2tvIEJhaGFuIEJhbmd1bmFuIEtvdGEgU2VtYXJhbmdaIyIhdG9rbyBiYWhhbiBiYW5ndW5hbiBrb3RhIHNlbWFyYW5nkgEYYnVpbGRpbmdfbWF0ZXJpYWxzX3N0b3Jl4AEA!16s%2Fg%2F1pzpl9tk5?entry=ttu&g_ep=EgoyMDI0MTExOS4yIKXMDSoASAFQAw%3D%3D"
Sinar Bangunan Toko,(024) 3544707,"JL. Pekojan, No. 4, Purwodinatan, Semarang Timur, Purwodinatan, Kec. Semarang Tengah, Kota Semarang, Jawa Tengah 50121",Kec. Semarang Tengah,Kota Semarang,Jawa Tengah,50121,3.8,4,-6.9728157,110.4279665,"https://www.google.com/maps/place/Sinar+Bangunan+Toko/@-6.9734345,110.4101756,15z/data=!4m11!1m3!2m2!1sToko+Bahan+Bangunan+Kota+Semarang!6e6!3m6!1s0x2e70f3550bb92597:0x993705bc3f2eb56d!8m2!3d-6.9728157!4d110.4279665!15sCiFUb2tvIEJhaGFuIEJhbmd1bmFuIEtvdGEgU2VtYXJhbmdaIyIhdG9rbyBiYWhhbiBiYW5ndW5hbiBrb3RhIHNlbWFyYW5nkgEYYnVpbGRpbmdfbWF0ZXJpYWxzX3N0b3Jl4AEA!16s%2Fg%2F1pzpl9tk5?entry=ttu&g_ep=EgoyMDI0MTExOS4yIKXMDSoASAFQAw%3D%3D"
TB Suari,,"Jl. Suari No.19, Purwodinatan, Kec. Semarang Tengah, Kota Semarang, Jawa Tengah 50137",Kec. Semarang Tengah,Kota Semarang,Jawa Tengah,50137,4.8,6,-6.9703378,110.4276817,"https://www.google.com/maps/place/TB+Suari/@-6.9734345,110.4101756,15z/data=!4m11!1m3!2m2!1sToko+Bahan+Bangunan+Kota+Semarang!6e6!3m6!1s0x2e70f3e1532f67a3:0x3a6721bd85f4fd05!8m2!3d-6.9703378!4d110.4276817!15sCiFUb2tvIEJhaGFuIEJhbmd1bmFuIEtvdGEgU2VtYXJhbmdaIyIhdG9rbyBiYWhhbiBiYW5ndW5hbiBrb3RhIHNlbWFyYW5nkgEYYnVpbGRpbmdfbWF0ZXJpYWxzX3N0b3Jl4AEA!16s%2Fg%2F11fq8q59q4?entry=ttu&g_ep=EgoyMDI0MTExOS4yIKXMDSoASAFQAw%3D%3D"
ANUGRAH JAYA TEKNIK,6281325737677,"Jl. K.H. Agus Salim No.49 kav 19, Purwodinatan, Semarang Tengah, Semarang City, Central Java 50137",Semarang Tengah,Semarang City,Central Java,50137,3.7,3,-6.9704401,110.4296743,"https://www.google.com/maps/place/ANUGRAH+JAYA+TEKNIK/@-6.9734345,110.4101756,15z/data=!4m11!1m3!2m2!1sToko+Bahan+Bangunan+Kota+Semarang!6e6!3m6!1s0x2e70f300549c2837:0xc2bb2efdaa0353c5!8m2!3d-6.9704401!4d110.4296743!15sCiFUb2tvIEJhaGFuIEJhbmd1bmFuIEtvdGEgU2VtYXJhbmdaIyIhdG9rbyBiYWhhbiBiYW5ndW5hbiBrb3RhIHNlbWFyYW5nkgEOaGFyZHdhcmVfc3RvcmWaASRDaGREU1VoTk1HOW5TMFZKUTBGblNVUXpkMjl1Um5WUlJSQULgAQA!16s%2Fg%2F11wn63wfcl?entry=ttu&g_ep=EgoyMDI0MTExOS4yIKXMDSoASAFQAw%3D%3D"
ANUGRAH JAYA TEKNIK,6281325737677,"Jl. K.H. Agus Salim No.49 kav 19, Purwodinatan, Semarang Tengah, Semarang City, Central Java 50137",Semarang Tengah,Semarang City,Central Java,50137,3.7,3,-6.9704401,110.4296743,"https://www.google.com/maps/place/ANUGRAH+JAYA+TEKNIK/@-6.9734345,110.4101756,15z/data=!4m11!1m3!2m2!1sToko+Bahan+Bangunan+Kota+Semarang!6e6!3m6!1s0x2e70f300549c2837:0xc2bb2efdaa0353c5!8m2!3d-6.9704401!4d110.4296743!15sCiFUb2tvIEJhaGFuIEJhbmd1bmFuIEtvdGEgU2VtYXJhbmdaIyIhdG9rbyBiYWhhbiBiYW5ndW5hbiBrb3RhIHNlbWFyYW5nkgEOaGFyZHdhcmVfc3RvcmWaASRDaGREU1VoTk1HOW5TMFZKUTBGblNVUXpkMjl1Um5WUlJSQULgAQA!16s%2Fg%2F11wn63wfcl?entry=ttu&g_ep=EgoyMDI0MTExOS4yIKXMDSoASAFQAw%3D%3D"
Alternative by Sinar Gemilang,6287812340055,"Jl. K.H. Agus Salim No.A3, Pekojan, Kec. Semarang Utara, Kota Semarang, Jawa Tengah 50137",Kec. Semarang Utara,Kota Semarang,Jawa Tengah,50137,4.5,48,-6.9708598,110.4282828,"https://www.google.com/maps/place/Alternative+by+Sinar+Gemilang/@-6.9734345,110.4101756,15z/data=!4m11!1m3!2m2!1sToko+Bahan+Bangunan+Kota+Semarang!6e6!3m6!1s0x2e70f3579c770df7:0x1f4173c212d23155!8m2!3d-6.9708598!4d110.4282828!15sCiFUb2tvIEJhaGFuIEJhbmd1bmFuIEtvdGEgU2VtYXJhbmdaIyIhdG9rbyBiYWhhbiBiYW5ndW5hbiBrb3RhIHNlbWFyYW5nkgEYYnVpbGRpbmdfbWF0ZXJpYWxzX3N0b3Jl4AEA!16s%2Fg%2F1tcy_0m3?entry=ttu&g_ep=EgoyMDI0MTExOS4yIKXMDSoASAFQAw%3D%3D"
TB Melati,(024) 8415033,"Jl. Kyai Saleh kel No.29, Randusari, Kec. Semarang Sel., Kota Semarang, Jawa Tengah 50244",Kec. Semarang Sel.,Kota Semarang,Jawa Tengah,50244,4.5,21,-6.9876653,110.4138393,"https://www.google.com/maps/place/TB+Melati/@-6.9876653,110.3958149,15z/data=!4m11!1m3!2m2!1sToko+Bahan+Bangunan+Kota+Semarang!6e6!3m6!1s0x2e708b453176ea53:0x4035803cffda2ac2!8m2!3d-6.9876653!4d110.4138393!15sCiFUb2tvIEJhaGFuIEJhbmd1bmFuIEtvdGEgU2VtYXJhbmdaIyIhdG9rbyBiYWhhbiBiYW5ndW5hbiBrb3RhIHNlbWFyYW5nkgEOaGFyZHdhcmVfc3RvcmXgAQA!16s%2Fg%2F11dxs3wcvt?entry=ttu&g_ep=EgoyMDI0MTExOS4yIKXMDSoASAFQAw%3D%3D"
TB Melati,(024) 8415033,"Jl. Kyai Saleh kel No.29, Randusari, Kec. Semarang Sel., Kota Semarang, Jawa Tengah 50244",Kec. Semarang Sel.,Kota Semarang,Jawa Tengah,50244,4.5,21,-6.9876653,110.4138393,"https://www.google.com/maps/place/TB+Melati/@-6.9876653,110.3958149,15z/data=!4m11!1m3!2m2!1sToko+Bahan+Bangunan+Kota+Semarang!6e6!3m6!1s0x2e708b453176ea53:0x4035803cffda2ac2!8m2!3d-6.9876653!4d110.4138393!15sCiFUb2tvIEJhaGFuIEJhbmd1bmFuIEtvdGEgU2VtYXJhbmdaIyIhdG9rbyBiYWhhbiBiYW5ndW5hbiBrb3RhIHNlbWFyYW5nkgEOaGFyZHdhcmVfc3RvcmXgAQA!16s%2Fg%2F11dxs3wcvt?entry=ttu&g_ep=EgoyMDI0MTExOS4yIKXMDSoASAFQAw%3D%3D"
Pantes Home Decoration Gallery,(024) 3522022,"jl.pekojan pertokoan THD A-7, Purwodinatan, Kec. Semarang Tengah, Kota Semarang, Jawa Tengah 50137",Kec. Semarang Tengah,Kota Semarang,Jawa Tengah,50137,4.7,1162,-6.970966,110.4279964,"https://www.google.com/maps/place/Pantes+Home+Decoration+Gallery/@-6.970966,110.409972,15z/data=!4m11!1m3!2m2!1sToko+Bahan+Bangunan+Kota+Semarang!6e6!3m6!1s0x2e70f355c4eb6067:0x6a83e37832b1bbf9!8m2!3d-6.970966!4d110.4279964!15sCiFUb2tvIEJhaGFuIEJhbmd1bmFuIEtvdGEgU2VtYXJhbmdaIyIhdG9rbyBiYWhhbiBiYW5ndW5hbiBrb3RhIHNlbWFyYW5nkgEVZHJ5X3dhbGxfc3VwcGx5X3N0b3Jl4AEA!16s%2Fg%2F1hm5d8_t2?entry=ttu&g_ep=EgoyMDI0MTExOS4yIKXMDSoASAFQAw%3D%3D"
Pantes Home Decoration Gallery,(024) 3522022,"jl.pekojan pertokoan THD A-7, Purwodinatan, Kec. Semarang Tengah, Kota Semarang, Jawa Tengah 50137",Kec. Semarang Tengah,Kota Semarang,Jawa Tengah,50137,4.7,1162,-6.970966,110.4279964,"https://www.google.com/maps/place/Pantes+Home+Decoration+Gallery/@-6.970966,110.409972,15z/data=!4m11!1m3!2m2!1sToko+Bahan+Bangunan+Kota+Semarang!6e6!3m6!1s0x2e70f355c4eb6067:0x6a83e37832b1bbf9!8m2!3d-6.970966!4d110.4279964!15sCiFUb2tvIEJhaGFuIEJhbmd1bmFuIEtvdGEgU2VtYXJhbmdaIyIhdG9rbyBiYWhhbiBiYW5ndW5hbiBrb3RhIHNlbWFyYW5nkgEVZHJ5X3dhbGxfc3VwcGx5X3N0b3Jl4AEA!16s%2Fg%2F1hm5d8_t2?entry=ttu&g_ep=EgoyMDI0MTExOS4yIKXMDSoASAFQAw%3D%3D"
Smn. UD,(024) 3561431,"Jl. Bugangan No.15, Bugangan, Kec. Semarang Tim., Kota Semarang, Jawa Tengah 50125",Kec. Semarang Tim.,Kota Semarang,Jawa Tengah,50125,4.5,13,-6.9754977,110.4369314,"https://www.google.com/maps/place/Smn.+UD/@-6.970966,110.409972,15z/data=!4m11!1m3!2m2!1sToko+Bahan+Bangunan+Kota+Semarang!6e6!3m6!1s0x2e708cad24019b47:0x37ff945f73243472!8m2!3d-6.9754977!4d110.4369314!15sCiFUb2tvIEJhaGFuIEJhbmd1bmFuIEtvdGEgU2VtYXJhbmdaIyIhdG9rbyBiYWhhbiBiYW5ndW5hbiBrb3RhIHNlbWFyYW5nkgEYYnVpbGRpbmdfbWF0ZXJpYWxzX3N0b3Jl4AEA!16s%2Fg%2F1pzvgslfk?entry=ttu&g_ep=EgoyMDI0MTExOS4yIKXMDSoASAFQAw%3D%3D"
Smn. UD,(024) 3561431,"Jl. Bugangan No.15, Bugangan, Kec. Semarang Tim., Kota Semarang, Jawa Tengah 50125",Kec. Semarang Tim.,Kota Semarang,Jawa Tengah,50125,4.5,13,-6.9754977,110.4369314,"https://www.google.com/maps/place/Smn.+UD/@-6.970966,110.409972,15z/data=!4m11!1m3!2m2!1sToko+Bahan+Bangunan+Kota+Semarang!6e6!3m6!1s0x2e708cad24019b47:0x37ff945f73243472!8m2!3d-6.9754977!4d110.4369314!15sCiFUb2tvIEJhaGFuIEJhbmd1bmFuIEtvdGEgU2VtYXJhbmdaIyIhdG9rbyBiYWhhbiBiYW5ndW5hbiBrb3RhIHNlbWFyYW5nkgEYYnVpbGRpbmdfbWF0ZXJpYWxzX3N0b3Jl4AEA!16s%2Fg%2F1pzvgslfk?entry=ttu&g_ep=EgoyMDI0MTExOS4yIKXMDSoASAFQAw%3D%3D"
Toko Mustika Jaya,(024) 3519544,"Jalan Letjen Jl. MT. Haryono No.396, Karangturi, Jagalan, Semarang Tengah, Semarang City, Central Java 50124",Semarang Tengah,Semarang City,Central Java,50124,4.2,21,-6.9779956,110.4314127,"https://www.google.com/maps/place/Toko+Mustika+Jaya/@-6.970966,110.409972,15z/data=!4m11!1m3!2m2!1sToko+Bahan+Bangunan+Kota+Semarang!6e6!3m6!1s0x2e708c9949d942d9:0xdf9c116f048f8051!8m2!3d-6.9779956!4d110.4314127!15sCiFUb2tvIEJhaGFuIEJhbmd1bmFuIEtvdGEgU2VtYXJhbmdaIyIhdG9rbyBiYWhhbiBiYW5ndW5hbiBrb3RhIHNlbWFyYW5nkgEOaGFyZHdhcmVfc3RvcmXgAQA!16s%2Fg%2F1pp2t_l_5?entry=ttu&g_ep=EgoyMDI0MTExOS4yIKXMDSoASAFQAw%3D%3D"
GOLDEN HARDWARE,6287847469790,"Jl. Patimura No.6E, Rejomulyo, Kec. Semarang Tim., Kota Semarang, Jawa Tengah 50123",Kec. Semarang Tim.,Kota Semarang,Jawa Tengah,50123,4.7,7,-6.969576,110.4322315,"https://www.google.com/maps/place/GOLDEN+HARDWARE/@-6.970966,110.409972,15z/data=!4m11!1m3!2m2!1sToko+Bahan+Bangunan+Kota+Semarang!6e6!3m6!1s0x2e70f330da700375:0x9f1c1e4951c0e1f3!8m2!3d-6.969576!4d110.4322315!15sCiFUb2tvIEJhaGFuIEJhbmd1bmFuIEtvdGEgU2VtYXJhbmdaIyIhdG9rbyBiYWhhbiBiYW5ndW5hbiBrb3RhIHNlbWFyYW5nkgEOaGFyZHdhcmVfc3RvcmXgAQA!16s%2Fg%2F11r6fwjr0f?entry=ttu&g_ep=EgoyMDI0MTExOS4yIKXMDSoASAFQAw%3D%3D"
Toko Abadi Jaya,6287832339009,"Jl. Pekojan No.86, Purwodinatan, Kec. Semarang Tengah, Kota Semarang, Jawa Tengah 50137",Kec. Semarang Tengah,Kota Semarang,Jawa Tengah,50137,4.5,16,-6.9739,110.42841,"https://www.google.com/maps/place/Toko+Abadi+Jaya/@-6.970966,110.409972,15z/data=!4m11!1m3!2m2!1sToko+Bahan+Bangunan+Kota+Semarang!6e6!3m6!1s0x2e70f355a5b4ba9b:0x7f9ca95c0a409f92!8m2!3d-6.9739!4d110.42841!15sCiFUb2tvIEJhaGFuIEJhbmd1bmFuIEtvdGEgU2VtYXJhbmdaIyIhdG9rbyBiYWhhbiBiYW5ndW5hbiBrb3RhIHNlbWFyYW5nkgEYYnVpbGRpbmdfbWF0ZXJpYWxzX3N0b3Jl4AEA!16s%2Fg%2F11bc7rkmhq?entry=ttu&g_ep=EgoyMDI0MTExOS4yIKXMDSoASAFQAw%3D%3D"
SINAR KENCANA TB,6285225528042,"Jl. Petolongan No.11, Purwodinatan, Kec. Semarang Tengah, Kota Semarang, Jawa Tengah 50137",Kec. Semarang Tengah,Kota Semarang,Jawa Tengah,50137,4.5,63,-6.972603,110.42891,"https://www.google.com/maps/place/SINAR+KENCANA+TB/@-6.970966,110.409972,15z/data=!4m11!1m3!2m2!1sToko+Bahan+Bangunan+Kota+Semarang!6e6!3m6!1s0x2e70f3550095fea1:0x736e8eb561e145bb!8m2!3d-6.972603!4d110.42891!15sCiFUb2tvIEJhaGFuIEJhbmd1bmFuIEtvdGEgU2VtYXJhbmdaIyIhdG9rbyBiYWhhbiBiYW5ndW5hbiBrb3RhIHNlbWFyYW5nkgEOaGFyZHdhcmVfc3RvcmXgAQA!16s%2Fg%2F11fzbl6wwt?entry=ttu&g_ep=EgoyMDI0MTExOS4yIKXMDSoASAFQAw%3D%3D"
TB ADIL,6285102103939,"Jl. Tentara Pelajar, Jomblang, Kec. Candisari, Kota Semarang, Jawa Tengah 50256",Kec. Candisari,Kota Semarang,Jawa Tengah,50256,4.4,186,-7.0104161,110.4403019,"https://www.google.com/maps/place/TB+ADIL/@-7.0104161,110.4222775,15z/data=!4m11!1m3!2m2!1sToko+Bahan+Bangunan+Kota+Semarang!6e6!3m6!1s0x2e708c88cde4ffeb:0x43a95b0b9140b511!8m2!3d-7.0104161!4d110.4403019!15sCiFUb2tvIEJhaGFuIEJhbmd1bmFuIEtvdGEgU2VtYXJhbmdaIyIhdG9rbyBiYWhhbiBiYW5ndW5hbiBrb3RhIHNlbWFyYW5nkgEYYnVpbGRpbmdfbWF0ZXJpYWxzX3N0b3Jl4AEA!16s%2Fg%2F1pzsd9rc2?entry=ttu&g_ep=EgoyMDI0MTExOS4yIKXMDSoASAFQAw%3D%3D"
PINANGSIA MAS - Toko Kunci & Keran (Semarang),(024) 3583449,"Jl. K.H. Agus Salim No.49 Kav. 19A, Purwodinatan, Kec. Semarang Tengah, Kota Semarang, Jawa Tengah 50137",Kec. Semarang Tengah,Kota Semarang,Jawa Tengah,50137,4.3,4,-6.9706587,110.4290824,"https://www.google.com/maps/place/PINANGSIA+MAS+-+Toko+Kunci+%26+Keran+(Semarang)/@-6.9706587,110.411058,15z/data=!4m11!1m3!2m2!1sToko+Bahan+Bangunan+Kota+Semarang!6e6!3m6!1s0x2e70f355cd668a25:0x8e6470c7be109035!8m2!3d-6.9706587!4d110.4290824!15sCiFUb2tvIEJhaGFuIEJhbmd1bmFuIEtvdGEgU2VtYXJhbmdaIyIhdG9rbyBiYWhhbiBiYW5ndW5hbiBrb3RhIHNlbWFyYW5nkgEOaGFyZHdhcmVfc3RvcmXgAQA!16s%2Fg%2F11b7hpyb4z?entry=ttu&g_ep=EgoyMDI0MTExOS4yIKXMDSoASAFQAw%3D%3D"
Toko Bangunan Combo Putra,6285357472345,"Jl. Trunojoyo X No.2, Padangsari, Kec. Banyumanik, Kota Semarang, Jawa Tengah 50267",Kec. Banyumanik,Kota Semarang,Jawa Tengah,50267,4.5,1063,-7.0718471,110.4237798,"https://www.google.com/maps/place/Toko+Bangunan+Combo+Putra/@-7.0718471,110.4057554,15z/data=!4m11!1m3!2m2!1sToko+Bahan+Bangunan+Kota+Semarang!6e6!3m6!1s0x2e70894c93cfe3c3:0xc685bad895a17ade!8m2!3d-7.0718471!4d110.4237798!15sCiFUb2tvIEJhaGFuIEJhbmd1bmFuIEtvdGEgU2VtYXJhbmdaIyIhdG9rbyBiYWhhbiBiYW5ndW5hbiBrb3RhIHNlbWFyYW5nkgEbYnVpbGRpbmdfbWF0ZXJpYWxzX3N1cHBsaWVymgEkQ2hkRFNVaE5NRzluUzBWSlEwRm5TVU10TVVsbVRqWlJSUkFC4AEA!16s%2Fg%2F1hm5t7r62?entry=ttu&g_ep=EgoyMDI0MTExOS4yIKXMDSoASAFQAw%3D%3D"
Naga Sakti Teknik,6283842650660,"Jl. K.H. Agus Salim No.49 kavling 3, Purwodinatan, Semarang Tengah, Semarang City, Central Java 50138",Semarang Tengah,Semarang City,Central Java,50138,4.4,65,-6.9701836,110.4303032,"https://www.google.com/maps/place/Naga+Sakti+Teknik/@-6.9701836,110.4122788,15z/data=!4m11!1m3!2m2!1sToko+Bahan+Bangunan+Kota+Semarang!6e6!3m6!1s0x2e70f354241a0bb7:0x4860b16f823b2a89!8m2!3d-6.9701836!4d110.4303032!15sCiFUb2tvIEJhaGFuIEJhbmd1bmFuIEtvdGEgU2VtYXJhbmdaIyIhdG9rbyBiYWhhbiBiYW5ndW5hbiBrb3RhIHNlbWFyYW5nkgEOaGFyZHdhcmVfc3RvcmXgAQA!16s%2Fg%2F1hm39947n?entry=ttu&g_ep=EgoyMDI0MTExOS4yIKXMDSoASAFQAw%3D%3D"
Naga Sakti Teknik,6283842650660,"Jl. K.H. Agus Salim No.49 kavling 3, Purwodinatan, Semarang Tengah, Semarang City, Central Java 50138",Semarang Tengah,Semarang City,Central Java,50138,4.4,65,-6.9701836,110.4303032,"https://www.google.com/maps/place/Naga+Sakti+Teknik/@-6.9701836,110.4122788,15z/data=!4m11!1m3!2m2!1sToko+Bahan+Bangunan+Kota+Semarang!6e6!3m6!1s0x2e70f354241a0bb7:0x4860b16f823b2a89!8m2!3d-6.9701836!4d110.4303032!15sCiFUb2tvIEJhaGFuIEJhbmd1bmFuIEtvdGEgU2VtYXJhbmdaIyIhdG9rbyBiYWhhbiBiYW5ndW5hbiBrb3RhIHNlbWFyYW5nkgEOaGFyZHdhcmVfc3RvcmXgAQA!16s%2Fg%2F1hm39947n?entry=ttu&g_ep=EgoyMDI0MTExOS4yIKXMDSoASAFQAw%3D%3D"
Toko Sumber Sari,628112999278,"Jl. Pekojan No.78-80, Purwodinatan, Kec. Semarang Tengah, Kota Semarang, Jawa Tengah 50137",Kec. Semarang Tengah,Kota Semarang,Jawa Tengah,50137,4.8,26,-6.9736948,110.4283463,"https://www.google.com/maps/place/Toko+Sumber+Sari/@-6.9701836,110.4122788,15z/data=!4m11!1m3!2m2!1sToko+Bahan+Bangunan+Kota+Semarang!6e6!3m6!1s0x2e70f355098e8f83:0xa2205969e813e323!8m2!3d-6.9736948!4d110.4283463!15sCiFUb2tvIEJhaGFuIEJhbmd1bmFuIEtvdGEgU2VtYXJhbmdaIyIhdG9rbyBiYWhhbiBiYW5ndW5hbiBrb3RhIHNlbWFyYW5nkgEYYnVpbGRpbmdfbWF0ZXJpYWxzX3N0b3Jl4AEA!16s%2Fg%2F1pzsrwcl6?entry=ttu&g_ep=EgoyMDI0MTExOS4yIKXMDSoASAFQAw%3D%3D"
TB Ciliwung,(024) 3558762,"WA TOKO (O&77&9O3O54I, Jl. Ciliwung V No.34, RT.003/RW.05, Bugangan, Mlatiharjo, Kec. Semarang Tim., Kota Semarang, Jawa Tengah 50126",Kec. Semarang Tim.,Kota Semarang,Jawa Tengah,50126,4.7,17,-6.9680958,110.4421669,"https://www.google.com/maps/place/TB+Ciliwung/@-6.9680958,110.4241425,15z/data=!4m11!1m3!2m2!1sToko+Bahan+Bangunan+Kota+Semarang!6e6!3m6!1s0x2e70f34eeba70b29:0xb09bfeacabad79f3!8m2!3d-6.9680958!4d110.4421669!15sCiFUb2tvIEJhaGFuIEJhbmd1bmFuIEtvdGEgU2VtYXJhbmdaIyIhdG9rbyBiYWhhbiBiYW5ndW5hbiBrb3RhIHNlbWFyYW5nkgEYYnVpbGRpbmdfbWF0ZXJpYWxzX3N0b3Jl4AEA!16s%2Fg%2F1hc9wfjwp?entry=ttu&g_ep=EgoyMDI0MTExOS4yIKXMDSoASAFQAw%3D%3D"
TB Ciliwung,(024) 3558762,"WA TOKO (O&77&9O3O54I, Jl. Ciliwung V No.34, RT.003/RW.05, Bugangan, Mlatiharjo, Kec. Semarang Tim., Kota Semarang, Jawa Tengah 50126",Kec. Semarang Tim.,Kota Semarang,Jawa Tengah,50126,4.7,17,-6.9680958,110.4421669,"https://www.google.com/maps/place/TB+Ciliwung/@-6.9680958,110.4241425,15z/data=!4m11!1m3!2m2!1sToko+Bahan+Bangunan+Kota+Semarang!6e6!3m6!1s0x2e70f34eeba70b29:0xb09bfeacabad79f3!8m2!3d-6.9680958!4d110.4421669!15sCiFUb2tvIEJhaGFuIEJhbmd1bmFuIEtvdGEgU2VtYXJhbmdaIyIhdG9rbyBiYWhhbiBiYW5ndW5hbiBrb3RhIHNlbWFyYW5nkgEYYnVpbGRpbmdfbWF0ZXJpYWxzX3N0b3Jl4AEA!16s%2Fg%2F1hc9wfjwp?entry=ttu&g_ep=EgoyMDI0MTExOS4yIKXMDSoASAFQAw%3D%3D"
TB Ciliwung,(024) 3558762,"WA TOKO (O&77&9O3O54I, Jl. Ciliwung V No.34, RT.003/RW.05, Bugangan, Mlatiharjo, Kec. Semarang Tim., Kota Semarang, Jawa Tengah 50126",Kec. Semarang Tim.,Kota Semarang,Jawa Tengah,50126,4.7,17,-6.9680958,110.4421669,"https://www.google.com/maps/place/TB+Ciliwung/@-6.9680958,110.4241425,15z/data=!4m11!1m3!2m2!1sToko+Bahan+Bangunan+Kota+Semarang!6e6!3m6!1s0x2e70f34eeba70b29:0xb09bfeacabad79f3!8m2!3d-6.9680958!4d110.4421669!15sCiFUb2tvIEJhaGFuIEJhbmd1bmFuIEtvdGEgU2VtYXJhbmdaIyIhdG9rbyBiYWhhbiBiYW5ndW5hbiBrb3RhIHNlbWFyYW5nkgEYYnVpbGRpbmdfbWF0ZXJpYWxzX3N0b3Jl4AEA!16s%2Fg%2F1hc9wfjwp?entry=ttu&g_ep=EgoyMDI0MTExOS4yIKXMDSoASAFQAw%3D%3D"
TB anugerah barito semarang,6282136028126,"Jl. Barito No.56, Mlatiharjo, Kec. Semarang Tim., Kota Semarang, Jawa Tengah 50126",Kec. Semarang Tim.,Kota Semarang,Jawa Tengah,50126,,,-6.9661842,110.4431813,"https://www.google.com/maps/place/TB+anugerah+barito+semarang/@-6.9680958,110.4241425,15z/data=!4m11!1m3!2m2!1sToko+Bahan+Bangunan+Kota+Semarang!6e6!3m6!1s0x2e70f3885d6a9629:0x53f69cd97356b66d!8m2!3d-6.9661842!4d110.4431813!15sCiFUb2tvIEJhaGFuIEJhbmd1bmFuIEtvdGEgU2VtYXJhbmeSARhidWlsZGluZ19tYXRlcmlhbHNfc3RvcmXgAQA!16s%2Fg%2F11w96_3v65?entry=ttu&g_ep=EgoyMDI0MTExOS4yIKXMDSoASAFQAw%3D%3D"
Teguh Jaya,(024) 3511472,"Jl. Depok No.37, Kembangsari, Kec. Semarang Tengah, Kota Semarang, Jawa Tengah 50133",Kec. Semarang Tengah,Kota Semarang,Jawa Tengah,50133,5.0,3,-6.977502,110.4181357,"https://www.google.com/maps/place/Teguh+Jaya/@-6.977502,110.4001113,15z/data=!4m11!1m3!2m2!1sToko+Bahan+Bangunan+Kota+Semarang!6e6!3m6!1s0x2e708b530e285889:0xda466b4d3259270a!8m2!3d-6.977502!4d110.4181357!15sCiFUb2tvIEJhaGFuIEJhbmd1bmFuIEtvdGEgU2VtYXJhbmdaIyIhdG9rbyBiYWhhbiBiYW5ndW5hbiBrb3RhIHNlbWFyYW5nkgEOaGFyZHdhcmVfc3RvcmXgAQA!16s%2Fg%2F1hm608bsd?entry=ttu&g_ep=EgoyMDI0MTExOS4yIKXMDSoASAFQAw%3D%3D"
"Toko Besi dan Listrik ""ANUGERAH""",6285290748901,"Jl. Barito No.50, Mlatiharjo, Kec. Semarang Tim., Kota Semarang, Jawa Tengah 50126",Kec. Semarang Tim.,Kota Semarang,Jawa Tengah,50126,4.3,20,-6.966984,110.4428199,"https://www.google.com/maps/place/Toko+Besi+dan+Listrik+%22ANUGERAH%22/@-6.966984,110.4247955,15z/data=!4m11!1m3!2m2!1sToko+Bahan+Bangunan+Kota+Semarang!6e6!3m6!1s0x2e70f31e1213f107:0x89214bcf4886495d!8m2!3d-6.966984!4d110.4428199!15sCiFUb2tvIEJhaGFuIEJhbmd1bmFuIEtvdGEgU2VtYXJhbmdaIyIhdG9rbyBiYWhhbiBiYW5ndW5hbiBrb3RhIHNlbWFyYW5nkgEYYnVpbGRpbmdfbWF0ZXJpYWxzX3N0b3Jl4AEA!16s%2Fg%2F11gj4mf48g?entry=ttu&g_ep=EgoyMDI0MTExOS4yIKXMDSoASAFQAw%3D%3D"
"Toko Besi dan Listrik ""ANUGERAH""",6285290748901,"Jl. Barito No.50, Mlatiharjo, Kec. Semarang Tim., Kota Semarang, Jawa Tengah 50126",Kec. Semarang Tim.,Kota Semarang,Jawa Tengah,50126,4.3,20,-6.966984,110.4428199,"https://www.google.com/maps/place/Toko+Besi+dan+Listrik+%22ANUGERAH%22/@-6.966984,110.4247955,15z/data=!4m11!1m3!2m2!1sToko+Bahan+Bangunan+Kota+Semarang!6e6!3m6!1s0x2e70f31e1213f107:0x89214bcf4886495d!8m2!3d-6.966984!4d110.4428199!15sCiFUb2tvIEJhaGFuIEJhbmd1bmFuIEtvdGEgU2VtYXJhbmdaIyIhdG9rbyBiYWhhbiBiYW5ndW5hbiBrb3RhIHNlbWFyYW5nkgEYYnVpbGRpbmdfbWF0ZXJpYWxzX3N0b3Jl4AEA!16s%2Fg%2F11gj4mf48g?entry=ttu&g_ep=EgoyMDI0MTExOS4yIKXMDSoASAFQAw%3D%3D"
GERAI KUNCI & KERAN,(024) 3567891,"Jalan K.H. Agus Salim Ruko THD Baru Blok D No.2, Purwodinatan, Kec. Semarang Tengah, Kota Semarang, Jawa Tengah 50137",Kec. Semarang Tengah,Kota Semarang,Jawa Tengah,50137,4.9,13,-6.9704751,110.4295231,"https://www.google.com/maps/place/GERAI+KUNCI+%26+KERAN/@-6.9704751,110.4114987,15z/data=!4m11!1m3!2m2!1sToko+Bahan+Bangunan+Kota+Semarang!6e6!3m6!1s0x2e70f354241a0bb7:0xf62b368c727546cf!8m2!3d-6.9704751!4d110.4295231!15sCiFUb2tvIEJhaGFuIEJhbmd1bmFuIEtvdGEgU2VtYXJhbmdaIyIhdG9rbyBiYWhhbiBiYW5ndW5hbiBrb3RhIHNlbWFyYW5nkgEOaGFyZHdhcmVfc3RvcmXgAQA!16s%2Fg%2F1hm3lshby?entry=ttu&g_ep=EgoyMDI0MTExOS4yIKXMDSoASAFQAw%3D%3D"
PT. Marksindo Hidup Sejahtera,(024) 86400777,"Jl. Raden Patah No.165, RT.1/RW.006, Rejomulyo, Kec. Semarang Tim., Kota Semarang, Jawa Tengah 50227",Kec. Semarang Tim.,Kota Semarang,Jawa Tengah,50227,4.4,47,-6.9650481,110.434856,"https://www.google.com/maps/place/PT.+Marksindo+Hidup+Sejahtera/@-6.9704751,110.4114987,15z/data=!4m11!1m3!2m2!1sToko+Bahan+Bangunan+Kota+Semarang!6e6!3m6!1s0x2e70f35a83c27897:0x4caef75237f8a0ae!8m2!3d-6.9650481!4d110.434856!15sCiFUb2tvIEJhaGFuIEJhbmd1bmFuIEtvdGEgU2VtYXJhbmdaIyIhdG9rbyBiYWhhbiBiYW5ndW5hbiBrb3RhIHNlbWFyYW5nkgEYYnVpbGRpbmdfbWF0ZXJpYWxzX3N0b3Jl4AEA!16s%2Fg%2F11cjj0xgc2?entry=ttu&g_ep=EgoyMDI0MTExOS4yIKXMDSoASAFQAw%3D%3D"
TJU TRUSS,(024) 3519446,"Jl. Patimura No.6C, Rejomulyo, Kec. Semarang Tim., Kota Semarang, Jawa Tengah 50126",Kec. Semarang Tim.,Kota Semarang,Jawa Tengah,50126,4.7,3,-6.9695751,110.4321757,"https://www.google.com/maps/place/TJU+TRUSS/@-6.9704751,110.4114987,15z/data=!4m11!1m3!2m2!1sToko+Bahan+Bangunan+Kota+Semarang!6e6!3m6!1s0x2e70f35400ba1323:0xe0b54a936ad65afe!8m2!3d-6.9695751!4d110.4321757!15sCiFUb2tvIEJhaGFuIEJhbmd1bmFuIEtvdGEgU2VtYXJhbmdaIyIhdG9rbyBiYWhhbiBiYW5ndW5hbiBrb3RhIHNlbWFyYW5nkgEYYnVpbGRpbmdfbWF0ZXJpYWxzX3N0b3Jl4AEA!16s%2Fg%2F11bc7r_5n4?entry=ttu&g_ep=EgoyMDI0MTExOS4yIKXMDSoASAFQAw%3D%3D"
Toko Pattimura,(024) 3517925,"2CJM+68X, Jl. Pattimura 20, Rejomulyo, Kec. Semarang Tim., Kota Semarang, Jawa Tengah 50227",Kec. Semarang Tim.,Kota Semarang,Jawa Tengah,50227,4.3,44,-6.9693874,110.4333541,"https://www.google.com/maps/place/Toko+Pattimura/@-6.9704751,110.4114987,15z/data=!4m11!1m3!2m2!1sToko+Bahan+Bangunan+Kota+Semarang!6e6!3m6!1s0x2e70f3515ed0e305:0x8f52c6ac97b464a4!8m2!3d-6.9693874!4d110.4333541!15sCiFUb2tvIEJhaGFuIEJhbmd1bmFuIEtvdGEgU2VtYXJhbmdaIyIhdG9rbyBiYWhhbiBiYW5ndW5hbiBrb3RhIHNlbWFyYW5nkgEOaGFyZHdhcmVfc3RvcmWaASRDaGREU1VoTk1HOW5TMFZKUTBGblNVTkxPVzlUVG5ablJSQULgAQA!16s%2Fg%2F1hm2j4q2x?entry=ttu&g_ep=EgoyMDI0MTExOS4yIKXMDSoASAFQAw%3D%3D"
KRISBOW SEMARANG,(024) 3580426,"Jl. Kh Agus Salim,Ruko Jurnatan, Purwodinatan, Kec. Semarang Tengah, Kota Semarang, Jawa Tengah 50137",Kec. Semarang Tengah,Kota Semarang,Jawa Tengah,50137,4.3,67,-6.9705942,110.429403,"https://www.google.com/maps/place/KRISBOW+SEMARANG/@-6.9704751,110.4114987,15z/data=!4m11!1m3!2m2!1sToko+Bahan+Bangunan+Kota+Semarang!6e6!3m6!1s0x2e70f354241a0bb7:0x136954ecbe508187!8m2!3d-6.9705942!4d110.429403!15sCiFUb2tvIEJhaGFuIEJhbmd1bmFuIEtvdGEgU2VtYXJhbmdaIyIhdG9rbyBiYWhhbiBiYW5ndW5hbiBrb3RhIHNlbWFyYW5nkgEOaGFyZHdhcmVfc3RvcmXgAQA!16s%2Fg%2F1hm59cy8t?entry=ttu&g_ep=EgoyMDI0MTExOS4yIKXMDSoASAFQAw%3D%3D"
Alpha Utama Mandiri.PT - Semarang,(024) 3545620,"Komplek Pertokoan Jurnatan Blok A/15, JL.Cendrawasih, Semarang, 50117, Purwodinatan, Semarang Tengah, Semarang City, Central Java 50137",Semarang Tengah,Semarang City,Central Java,50137,4.1,10,-6.9695958,110.4296414,"https://www.google.com/maps/place/Alpha+Utama+Mandiri.PT+-+Semarang/@-6.9704751,110.4114987,15z/data=!4m11!1m3!2m2!1sToko+Bahan+Bangunan+Kota+Semarang!6e6!3m6!1s0x2e70f3567dbf05e1:0xcac1de979c578f94!8m2!3d-6.9695958!4d110.4296414!15sCiFUb2tvIEJhaGFuIEJhbmd1bmFuIEtvdGEgU2VtYXJhbmdaIyIhdG9rbyBiYWhhbiBiYW5ndW5hbiBrb3RhIHNlbWFyYW5nkgEYd29vZHdvcmtpbmdfc3VwcGx5X3N0b3Jl4AEA!16s%2Fg%2F1hc8972mx?entry=ttu&g_ep=EgoyMDI0MTExOS4yIKXMDSoASAFQAw%3D%3D"
Tb. Maju Jaya,(024) 3517269,"Jl. Moh. Suyudi No.83, Miroto, Kec. Semarang Tengah, Kota Semarang, Jawa Tengah 50135",Kec. Semarang Tengah,Kota Semarang,Jawa Tengah,50135,4.5,16,-6.9827942,110.4178516,"https://www.google.com/maps/place/Tb.+Maju+Jaya/@-6.9827942,110.3998272,15z/data=!4m11!1m3!2m2!1sToko+Bahan+Bangunan+Kota+Semarang!6e6!3m6!1s0x2e708b51046912ef:0xd5d9919c0e591e48!8m2!3d-6.9827942!4d110.4178516!15sCiFUb2tvIEJhaGFuIEJhbmd1bmFuIEtvdGEgU2VtYXJhbmdaIyIhdG9rbyBiYWhhbiBiYW5ndW5hbiBrb3RhIHNlbWFyYW5nkgEYYnVpbGRpbmdfbWF0ZXJpYWxzX3N0b3Jl4AEA!16s%2Fg%2F11gbzc0j9w?entry=ttu&g_ep=EgoyMDI0MTExOS4yIKXMDSoASAFQAw%3D%3D"
TB Karunia,(024) 3553503,"No.49 Kav 6, Jl. K.H. Agus Salim No.49 Kav 6, Purwodinatan, Kec. Semarang Tengah, Kota Semarang, Jawa Tengah 50137",Kec. Semarang Tengah,Kota Semarang,Jawa Tengah,50137,2.4,22,-6.970312,110.430115,"https://www.google.com/maps/place/TB+Karunia/@-6.970312,110.4120906,15z/data=!4m11!1m3!2m2!1sToko+Bahan+Bangunan+Kota+Semarang!6e6!3m6!1s0x2e70f354241a0bb7:0xfd663ed78e94bde6!8m2!3d-6.970312!4d110.430115!15sCiFUb2tvIEJhaGFuIEJhbmd1bmFuIEtvdGEgU2VtYXJhbmdaIyIhdG9rbyBiYWhhbiBiYW5ndW5hbiBrb3RhIHNlbWFyYW5nkgEPYXBwbGlhbmNlX3N0b3Jl4AEA!16s%2Fg%2F1hm2qcz_y?entry=ttu&g_ep=EgoyMDI0MTExOS4yIKXMDSoASAFQAw%3D%3D"
Ud. Jadi Jaya,,"2CJV+R3H, Jl. Barito, RT.RW 05/RW.05, RW 05, Mlatiharjo, Kec. Semarang Tim., Kota Semarang, Jawa Tengah 50126",Kec. Semarang Tim.,Kota Semarang,Jawa Tengah,50126,5.0,1,-6.9679454,110.4427283,"https://www.google.com/maps/place/Ud.+Jadi+Jaya/@-6.9679454,110.4247039,15z/data=!4m11!1m3!2m2!1sToko+Bahan+Bangunan+Kota+Semarang!6e6!3m6!1s0x2e70f34ec1b28abf:0xdfd54ee44f80cfd!8m2!3d-6.9679454!4d110.4427283!15sCiFUb2tvIEJhaGFuIEJhbmd1bmFuIEtvdGEgU2VtYXJhbmdaIyIhdG9rbyBiYWhhbiBiYW5ndW5hbiBrb3RhIHNlbWFyYW5nkgEYYnVpbGRpbmdfbWF0ZXJpYWxzX3N0b3Jl4AEA!16s%2Fg%2F11j53bykmh?entry=ttu&g_ep=EgoyMDI0MTExOS4yIKXMDSoASAFQAw%3D%3D"
Sobat Cuan Abadi,62811276696,"Jl. Bubakan No.17A, Purwodinatan, Kec. Semarang Tengah, Kota Semarang, Jawa Tengah 50137",Kec. Semarang Tengah,Kota Semarang,Jawa Tengah,50137,5.0,6,-6.9711496,110.4299207,"https://www.google.com/maps/place/Sobat+Cuan+Abadi/@-6.9711496,110.4118963,15z/data=!4m11!1m3!2m2!1sToko+Bahan+Bangunan+Kota+Semarang!6e6!3m6!1s0x2e70f3c07c4c6d41:0xfb401c654a35074f!8m2!3d-6.9711496!4d110.4299207!15sCiFUb2tvIEJhaGFuIEJhbmd1bmFuIEtvdGEgU2VtYXJhbmdaIyIhdG9rbyBiYWhhbiBiYW5ndW5hbiBrb3RhIHNlbWFyYW5nkgEOaGFyZHdhcmVfc3RvcmXgAQA!16s%2Fg%2F11t5l1q2n1?entry=ttu&g_ep=EgoyMDI0MTExOS4yIKXMDSoASAFQAw%3D%3D"
TB Putra Setia,6281325423330,"2F86+P6V, Jl. Parang Baris Raya, Tlogosari Kulon, Kec. Pedurungan, Kota Semarang, Jawa Tengah 50196",Kec. Pedurungan,Kota Semarang,Jawa Tengah,50196,4.8,16,-6.9831485,110.4605543,"https://www.google.com/maps/place/TB+Putra+Setia/@-6.9831485,110.4425299,15z/data=!4m11!1m3!2m2!1sToko+Bahan+Bangunan+Kota+Semarang!6e6!3m6!1s0x2e708ccfed42b81d:0x1a445a00d6c0fcf9!8m2!3d-6.9831485!4d110.4605543!15sCiFUb2tvIEJhaGFuIEJhbmd1bmFuIEtvdGEgU2VtYXJhbmdaIyIhdG9rbyBiYWhhbiBiYW5ndW5hbiBrb3RhIHNlbWFyYW5nkgEYYnVpbGRpbmdfbWF0ZXJpYWxzX3N0b3Jl4AEA!16s%2Fg%2F11cs2wpnf1?entry=ttu&g_ep=EgoyMDI0MTExOS4yIKXMDSoASAFQAw%3D%3D"
TB Putra Setia,6281325423330,"2F86+P6V, Jl. Parang Baris Raya, Tlogosari Kulon, Kec. Pedurungan, Kota Semarang, Jawa Tengah 50196",Kec. Pedurungan,Kota Semarang,Jawa Tengah,50196,4.8,16,-6.9831485,110.4605543,"https://www.google.com/maps/place/TB+Putra+Setia/@-6.9831485,110.4425299,15z/data=!4m11!1m3!2m2!1sToko+Bahan+Bangunan+Kota+Semarang!6e6!3m6!1s0x2e708ccfed42b81d:0x1a445a00d6c0fcf9!8m2!3d-6.9831485!4d110.4605543!15sCiFUb2tvIEJhaGFuIEJhbmd1bmFuIEtvdGEgU2VtYXJhbmdaIyIhdG9rbyBiYWhhbiBiYW5ndW5hbiBrb3RhIHNlbWFyYW5nkgEYYnVpbGRpbmdfbWF0ZXJpYWxzX3N0b3Jl4AEA!16s%2Fg%2F11cs2wpnf1?entry=ttu&g_ep=EgoyMDI0MTExOS4yIKXMDSoASAFQAw%3D%3D"
"CV. Lestari Abadi - Toko HPL, Edging, Taco sheet",6281904366332,"Jl. Patimura No.8A, Rejomulyo, Kec. Semarang Tim., Kota Semarang, Jawa Tengah 50227",Kec. Semarang Tim.,Kota Semarang,Jawa Tengah,50227,4.4,479,-6.9695625,110.4325099,"https://www.google.com/maps/place/CV.+Lestari+Abadi+-+Toko+HPL,+Edging,+Taco+sheet/@-6.9695625,110.4144855,15z/data=!4m11!1m3!2m2!1sToko+Bahan+Bangunan+Kota+Semarang!6e6!3m6!1s0x2e70f351546d066d:0xedace1133ce1b493!8m2!3d-6.9695625!4d110.4325099!15sCiFUb2tvIEJhaGFuIEJhbmd1bmFuIEtvdGEgU2VtYXJhbmdaIyIhdG9rbyBiYWhhbiBiYW5ndW5hbiBrb3RhIHNlbWFyYW5nkgEWaG9tZV9pbXByb3ZlbWVudF9zdG9yZZoBJENoZERTVWhOTUc5blMwVkpRMEZuU1VONWR6aGZjM0JCUlJBQuABAA!16s%2Fg%2F11g6ntxdk4?entry=ttu&g_ep=EgoyMDI0MTExOS4yIKXMDSoASAFQAw%3D%3D"
"CV. Lestari Abadi - Toko HPL, Edging, Taco sheet",6281904366332,"Jl. Patimura No.8A, Rejomulyo, Kec. Semarang Tim., Kota Semarang, Jawa Tengah 50227",Kec. Semarang Tim.,Kota Semarang,Jawa Tengah,50227,4.4,479,-6.9695625,110.4325099,"https://www.google.com/maps/place/CV.+Lestari+Abadi+-+Toko+HPL,+Edging,+Taco+sheet/@-6.9695625,110.4144855,15z/data=!4m11!1m3!2m2!1sToko+Bahan+Bangunan+Kota+Semarang!6e6!3m6!1s0x2e70f351546d066d:0xedace1133ce1b493!8m2!3d-6.9695625!4d110.4325099!15sCiFUb2tvIEJhaGFuIEJhbmd1bmFuIEtvdGEgU2VtYXJhbmdaIyIhdG9rbyBiYWhhbiBiYW5ndW5hbiBrb3RhIHNlbWFyYW5nkgEWaG9tZV9pbXByb3ZlbWVudF9zdG9yZZoBJENoZERTVWhOTUc5blMwVkpRMEZuU1VONWR6aGZjM0JCUlJBQuABAA!16s%2Fg%2F11g6ntxdk4?entry=ttu&g_ep=EgoyMDI0MTExOS4yIKXMDSoASAFQAw%3D%3D"
Tom's Home Supply,(024) 76413090,"Jl. Brigjen Sudiarto No.218B, Gayamsari, Kec. Gayamsari, Kota Semarang, Jawa Tengah 50248",Kec. Gayamsari,Kota Semarang,Jawa Tengah,50248,4.5,131,-7.004287,110.4521531,"https://www.google.com/maps/place/Tom's+Home+Supply/@-7.004287,110.4341287,15z/data=!4m11!1m3!2m2!1sToko+Bahan+Bangunan+Kota+Semarang!6e6!3m6!1s0x2e708ced630763f9:0x49d30f1c8f1bcae2!8m2!3d-7.004287!4d110.4521531!15sCiFUb2tvIEJhaGFuIEJhbmd1bmFuIEtvdGEgU2VtYXJhbmdaIyIhdG9rbyBiYWhhbiBiYW5ndW5hbiBrb3RhIHNlbWFyYW5nkgEFc3RvcmWaASRDaGREU1VoTk1HOW5TMFZKUTBGblNVUktYM05tV25wQlJSQULgAQA!16s%2Fg%2F11csr_k96q?entry=ttu&g_ep=EgoyMDI0MTExOS4yIKXMDSoASAFQAw%3D%3D"
Pusat Teknik,6287700155566,"Jalan Kh Agus Salim No 49, Jl. Komp. Pertokoan Jurnatan No.Ruko Kav 10, Purwodinatan, Semarang Tengah, Semarang City, Central Java 50137",Semarang Tengah,Semarang City,Central Java,50137,4.4,70,-6.9703446,110.429968,"https://www.google.com/maps/place/Pusat+Teknik/@-6.9703446,110.4119436,15z/data=!4m11!1m3!2m2!1sToko+Bahan+Bangunan+Kota+Semarang!6e6!3m6!1s0x2e70f354241a0bb7:0xfb4e81801fd2e166!8m2!3d-6.9703446!4d110.429968!15sCiFUb2tvIEJhaGFuIEJhbmd1bmFuIEtvdGEgU2VtYXJhbmdaIyIhdG9rbyBiYWhhbiBiYW5ndW5hbiBrb3RhIHNlbWFyYW5nkgEFc3RvcmXgAQA!16s%2Fg%2F1hm35h21s?entry=ttu&g_ep=EgoyMDI0MTExOS4yIKXMDSoASAFQAw%3D%3D"
Pusat Teknik,6287700155566,"Jalan Kh Agus Salim No 49, Jl. Komp. Pertokoan Jurnatan No.Ruko Kav 10, Purwodinatan, Semarang Tengah, Semarang City, Central Java 50137",Semarang Tengah,Semarang City,Central Java,50137,4.4,70,-6.9703446,110.429968,"https://www.google.com/maps/place/Pusat+Teknik/@-6.9703446,110.4119436,15z/data=!4m11!1m3!2m2!1sToko+Bahan+Bangunan+Kota+Semarang!6e6!3m6!1s0x2e70f354241a0bb7:0xfb4e81801fd2e166!8m2!3d-6.9703446!4d110.429968!15sCiFUb2tvIEJhaGFuIEJhbmd1bmFuIEtvdGEgU2VtYXJhbmdaIyIhdG9rbyBiYWhhbiBiYW5ndW5hbiBrb3RhIHNlbWFyYW5nkgEFc3RvcmXgAQA!16s%2Fg%2F1hm35h21s?entry=ttu&g_ep=EgoyMDI0MTExOS4yIKXMDSoASAFQAw%3D%3D"
Wijaya 33,6282227840429,"Ruko THD, Blok B7, JL. H. Agus Salim, Jl. K.H. Agus Salim, Purwodinatan, Kec. Semarang Tengah, Kota Semarang, Jawa Tengah 50137",Kec. Semarang Tengah,Kota Semarang,Jawa Tengah,50137,4.3,19,-6.9708512,110.4285828,"https://www.google.com/maps/place/Wijaya+33/@-6.9703446,110.4119436,15z/data=!4m11!1m3!2m2!1sToko+Bahan+Bangunan+Kota+Semarang!6e6!3m6!1s0x2e70f355c422e6ab:0x52e8b667616eb9d4!8m2!3d-6.9708512!4d110.4285828!15sCiFUb2tvIEJhaGFuIEJhbmd1bmFuIEtvdGEgU2VtYXJhbmdaIyIhdG9rbyBiYWhhbiBiYW5ndW5hbiBrb3RhIHNlbWFyYW5nkgEYYnVpbGRpbmdfbWF0ZXJpYWxzX3N0b3Jl4AEA!16s%2Fg%2F1pzr6fgp3?entry=ttu&g_ep=EgoyMDI0MTExOS4yIKXMDSoASAFQAw%3D%3D"
Wijaya 33,6282227840429,"Ruko THD, Blok B7, JL. H. Agus Salim, Jl. K.H. Agus Salim, Purwodinatan, Kec. Semarang Tengah, Kota Semarang, Jawa Tengah 50137",Kec. Semarang Tengah,Kota Semarang,Jawa Tengah,50137,4.3,19,-6.9708512,110.4285828,"https://www.google.com/maps/place/Wijaya+33/@-6.9703446,110.4119436,15z/data=!4m11!1m3!2m2!1sToko+Bahan+Bangunan+Kota+Semarang!6e6!3m6!1s0x2e70f355c422e6ab:0x52e8b667616eb9d4!8m2!3d-6.9708512!4d110.4285828!15sCiFUb2tvIEJhaGFuIEJhbmd1bmFuIEtvdGEgU2VtYXJhbmdaIyIhdG9rbyBiYWhhbiBiYW5ndW5hbiBrb3RhIHNlbWFyYW5nkgEYYnVpbGRpbmdfbWF0ZXJpYWxzX3N0b3Jl4AEA!16s%2Fg%2F1pzr6fgp3?entry=ttu&g_ep=EgoyMDI0MTExOS4yIKXMDSoASAFQAw%3D%3D"
Toko Besi Rejeki,(024) 3556994,"Komplek THD, Jl. K.H. Agus Salim Blok A5, Purwodinatan, Kec. Semarang Tengah, Kota Semarang, Jawa Tengah 50137",Kec. Semarang Tengah,Kota Semarang,Jawa Tengah,50137,4.5,17,-6.9708854,110.4281941,"https://www.google.com/maps/place/Toko+Besi+Rejeki/@-6.9703446,110.4119436,15z/data=!4m11!1m3!2m2!1sToko+Bahan+Bangunan+Kota+Semarang!6e6!3m6!1s0x2e70f355c38f22f7:0x16746a0ff4f91eef!8m2!3d-6.9708854!4d110.4281941!15sCiFUb2tvIEJhaGFuIEJhbmd1bmFuIEtvdGEgU2VtYXJhbmdaIyIhdG9rbyBiYWhhbiBiYW5ndW5hbiBrb3RhIHNlbWFyYW5nkgEYYnVpbGRpbmdfbWF0ZXJpYWxzX3N0b3Jl4AEA!16s%2Fg%2F11c5668wjg?entry=ttu&g_ep=EgoyMDI0MTExOS4yIKXMDSoASAFQAw%3D%3D"
Istana Besi,(024) 3550780,"Jl. K.H. Agus Salim No.1 Kav. 49, Purwodinatan, Kec. Semarang Tengah, Kota Semarang, Jawa Tengah 50137",Kec. Semarang Tengah,Kota Semarang,Jawa Tengah,50137,4.3,553,-6.9702889,110.4303022,"https://www.google.com/maps/place/Istana+Besi/@-6.9703446,110.4119436,15z/data=!4m11!1m3!2m2!1sToko+Bahan+Bangunan+Kota+Semarang!6e6!3m6!1s0x2e70f355f0fa14d3:0x1e43676d855fce58!8m2!3d-6.9702889!4d110.4303022!15sCiFUb2tvIEJhaGFuIEJhbmd1bmFuIEtvdGEgU2VtYXJhbmdaIyIhdG9rbyBiYWhhbiBiYW5ndW5hbiBrb3RhIHNlbWFyYW5nkgEKdG9vbF9zdG9yZZoBJENoZERTVWhOTUc5blMwVkpRMEZuU1VObE5rczNjbmxSUlJBQuABAA!16s%2Fg%2F1tjxnvvx?entry=ttu&g_ep=EgoyMDI0MTExOS4yIKXMDSoASAFQAw%3D%3D"
Alam Indah Bengkel,(024) 3540662,"Jl. Senjoyo 2 No.74 RT 007/06, Bugangan, Kec. Semarang Tim., Kota Semarang, Jawa Tengah 50126",Kec. Semarang Tim.,Kota Semarang,Jawa Tengah,50126,,,-6.9717592,110.436078,"https://www.google.com/maps/place/Alam+Indah+Bengkel/@-6.9703446,110.4119436,15z/data=!4m11!1m3!2m2!1sToko+Bahan+Bangunan+Kota+Semarang!6e6!3m6!1s0x2e70f3524736c6a3:0xbe2093642e3d3c95!8m2!3d-6.9717592!4d110.436078!15sCiFUb2tvIEJhaGFuIEJhbmd1bmFuIEtvdGEgU2VtYXJhbmdaIyIhdG9rbyBiYWhhbiBiYW5ndW5hbiBrb3RhIHNlbWFyYW5nkgEYYnVpbGRpbmdfbWF0ZXJpYWxzX3N0b3Jl4AEA!16s%2Fg%2F1hc48gxyn?entry=ttu&g_ep=EgoyMDI0MTExOS4yIKXMDSoASAFQAw%3D%3D"
Puji Karya Toko,(024) 3557368,"NO WA O&7&396229I9, Mlatiharjo, Kec. Semarang Tim., Kota Semarang, Jawa Tengah",Kec. Semarang Tim.,Kota Semarang,Jawa,engah,4.4,11,-6.965581,110.4425942,"https://www.google.com/maps/place/Puji+Karya+Toko/@-6.965581,110.4245698,15z/data=!4m11!1m3!2m2!1sToko+Bahan+Bangunan+Kota+Semarang!6e6!3m6!1s0x2e708cb31834c0ff:0x72d136b3ecaedf7b!8m2!3d-6.965581!4d110.4425942!15sCiFUb2tvIEJhaGFuIEJhbmd1bmFuIEtvdGEgU2VtYXJhbmdaIyIhdG9rbyBiYWhhbiBiYW5ndW5hbiBrb3RhIHNlbWFyYW5nkgEYYnVpbGRpbmdfbWF0ZXJpYWxzX3N0b3Jl4AEA!16s%2Fg%2F11bc7qb8xd?entry=ttu&g_ep=EgoyMDI0MTExOS4yIKXMDSoASAFQAw%3D%3D"
On Yan,(024) 3541889,"Jl. Pekojan No.51, Purwodinatan, Kec. Semarang Tengah, Kota Semarang, Jawa Tengah 50137",Kec. Semarang Tengah,Kota Semarang,Jawa Tengah,50137,4.7,37,-6.972941,110.428102,"https://www.google.com/maps/place/On+Yan/@-6.972941,110.4100776,15z/data=!4m11!1m3!2m2!1sToko+Bahan+Bangunan+Kota+Semarang!6e6!3m6!1s0x2e70f355a072ad87:0xb9c32b143769ded3!8m2!3d-6.972941!4d110.428102!15sCiFUb2tvIEJhaGFuIEJhbmd1bmFuIEtvdGEgU2VtYXJhbmdaIyIhdG9rbyBiYWhhbiBiYW5ndW5hbiBrb3RhIHNlbWFyYW5nkgEYYnVpbGRpbmdfbWF0ZXJpYWxzX3N0b3Jl4AEA!16s%2Fg%2F1pzy7hk74?entry=ttu&g_ep=EgoyMDI0MTExOS4yIKXMDSoASAFQAw%3D%3D"
TB. Melati,628122910300,"Jl. Mayjend Sutoyo No.1020, Pekunden, Kec. Semarang Tengah, Kota Semarang, Jawa Tengah 50134",Kec. Semarang Tengah,Kota Semarang,Jawa Tengah,50134,4.6,15,-6.9858703,110.4182374,"https://www.google.com/maps/place/TB.+Melati/@-6.9858703,110.400213,15z/data=!4m11!1m3!2m2!1sToko+Bahan+Bangunan+Kota+Semarang!6e6!3m6!1s0x2e708b4532365c05:0xb0c9547a3f488a3a!8m2!3d-6.9858703!4d110.4182374!15sCiFUb2tvIEJhaGFuIEJhbmd1bmFuIEtvdGEgU2VtYXJhbmdaIyIhdG9rbyBiYWhhbiBiYW5ndW5hbiBrb3RhIHNlbWFyYW5nkgEOaGFyZHdhcmVfc3RvcmXgAQA!16s%2Fg%2F1hm5sbrjk?entry=ttu&g_ep=EgoyMDI0MTExOS4yIKXMDSoASAFQAw%3D%3D"
Sinar Kencana Putra,6282227007030,"Jl. MT. Haryono No.140, Purwodinatan, Kec. Semarang Tengah, Kota Semarang, Jawa Tengah 50124",Kec. Semarang Tengah,Kota Semarang,Jawa Tengah,50124,5.0,5,-6.9722245,110.4312289,"https://www.google.com/maps/place/Sinar+Kencana+Putra/@-6.9722245,110.4132045,15z/data=!4m11!1m3!2m2!1sToko+Bahan+Bangunan+Kota+Semarang!6e6!3m6!1s0x2e70f308fc202d27:0x5c5793ef1a79d8f9!8m2!3d-6.9722245!4d110.4312289!15sCiFUb2tvIEJhaGFuIEJhbmd1bmFuIEtvdGEgU2VtYXJhbmdaIyIhdG9rbyBiYWhhbiBiYW5ndW5hbiBrb3RhIHNlbWFyYW5nkgEFc3RvcmXgAQA!16s%2Fg%2F11rgx0n5y2?entry=ttu&g_ep=EgoyMDI0MTExOS4yIKXMDSoASAFQAw%3D%3D"
Toko Cat WAO Warna Abadi Oke Kampungkali,6281327600903,"Jl. Pandanaran 1 No.1B, Pekunden, Kec. Semarang Tengah, Kota Semarang, Jawa Tengah 50134",Kec. Semarang Tengah,Kota Semarang,Jawa Tengah,50134,4.7,129,-6.9860553,110.4201056,"https://www.google.com/maps/place/Toko+Cat+WAO+Warna+Abadi+Oke+Kampungkali/@-6.9860553,110.4020812,15z/data=!4m11!1m3!2m2!1sToko+Bahan+Bangunan+Kota+Semarang!6e6!3m6!1s0x2e708b5a024f47a9:0x3fcc642831b0d428!8m2!3d-6.9860553!4d110.4201056!15sCiFUb2tvIEJhaGFuIEJhbmd1bmFuIEtvdGEgU2VtYXJhbmdaIyIhdG9rbyBiYWhhbiBiYW5ndW5hbiBrb3RhIHNlbWFyYW5nkgELcGFpbnRfc3RvcmXgAQA!16s%2Fg%2F11f33f3ssp?entry=ttu&g_ep=EgoyMDI0MTExOS4yIKXMDSoASAFQAw%3D%3D"
Toko Madju,(024) 3543511,"THD, Jl. K.H. Agus Salim No.1-2 Blok A, Purwodinatan, Semarang Tengah, Semarang City, Central Java 50137",Semarang Tengah,Semarang City,Central Java,50137,3.4,7,-6.9708328,110.4283481,"https://www.google.com/maps/place/Toko+Madju/@-6.9708328,110.4103237,15z/data=!4m11!1m3!2m2!1sToko+Bahan+Bangunan+Kota+Semarang!6e6!3m6!1s0x2e70f355c5d0160b:0x9fecd97a92bcdca1!8m2!3d-6.9708328!4d110.4283481!15sCiFUb2tvIEJhaGFuIEJhbmd1bmFuIEtvdGEgU2VtYXJhbmdaIyIhdG9rbyBiYWhhbiBiYW5ndW5hbiBrb3RhIHNlbWFyYW5nkgEYYnVpbGRpbmdfbWF0ZXJpYWxzX3N0b3Jl4AEA!16s%2Fg%2F11f0kw081l?entry=ttu&g_ep=EgoyMDI0MTExOS4yIKXMDSoASAFQAw%3D%3D"
Toko Besi Asahi Gypsum,6282136188153,"Jl. Rejosari III No.18, Rejosari, Kec. Semarang Tim., Kota Semarang, Jawa Tengah 50125",Kec. Semarang Tim.,Kota Semarang,Jawa Tengah,50125,4.8,20,-6.9798602,110.4362068,"https://www.google.com/maps/place/Toko+Besi+Asahi+Gypsum/@-6.9708328,110.4103237,15z/data=!4m11!1m3!2m2!1sToko+Bahan+Bangunan+Kota+Semarang!6e6!3m6!1s0x2e70f2d362e58ae5:0x592b62cdb9e4fd5a!8m2!3d-6.9798602!4d110.4362068!15sCiFUb2tvIEJhaGFuIEJhbmd1bmFuIEtvdGEgU2VtYXJhbmdaIyIhdG9rbyBiYWhhbiBiYW5ndW5hbiBrb3RhIHNlbWFyYW5nkgEYYnVpbGRpbmdfbWF0ZXJpYWxzX3N0b3Jl4AEA!16s%2Fg%2F1hc75pd9z?entry=ttu&g_ep=EgoyMDI0MTExOS4yIKXMDSoASAFQAw%3D%3D"
"PUSAT JARING PARANET, WARING, SAFETY NET,POLYNET SEMARANG",6281901905706,"Jl. Kelengan Kecil No.603, Kembangsari, Kec. Semarang Tengah, Kota Semarang, Jawa Tengah 50133",Kec. Semarang Tengah,Kota Semarang,Jawa Tengah,50133,5.0,25,-6.9790352,110.4189924,"https://www.google.com/maps/place/PUSAT+JARING+PARANET,+WARING,+SAFETY+NET,POLYNET+SEMARANG/@-6.9790352,110.400968,15z/data=!4m11!1m3!2m2!1sToko+Bahan+Bangunan+Kota+Semarang!6e6!3m6!1s0x2e708b3091ace015:0xde9541a8528fc2c6!8m2!3d-6.9790352!4d110.4189924!15sCiFUb2tvIEJhaGFuIEJhbmd1bmFuIEtvdGEgU2VtYXJhbmdaIyIhdG9rbyBiYWhhbiBiYW5ndW5hbiBrb3RhIHNlbWFyYW5nkgEYYnVpbGRpbmdfbWF0ZXJpYWxzX3N0b3Jl4AEA!16s%2Fg%2F11pv5s99tl?entry=ttu&g_ep=EgoyMDI0MTExOS4yIKXMDSoASAFQAw%3D%3D"
Granita Alam CV,(024) 3556964,"Blk. A, Jl. K.H. Agus Salim Blok A No.22-23, Purwodinatan, Kec. Semarang Tengah, Kota Semarang, Jawa Tengah 50137",Kec. Semarang Tengah,Kota Semarang,Jawa Tengah,50137,,,-6.9709744,110.4280475,"https://www.google.com/maps/place/Granita+Alam+CV/@-6.9709744,110.4100231,15z/data=!4m11!1m3!2m2!1sToko+Bahan+Bangunan+Kota+Semarang!6e6!3m6!1s0x2e70f355e6475501:0x5877330231c9ca09!8m2!3d-6.9709744!4d110.4280475!15sCiFUb2tvIEJhaGFuIEJhbmd1bmFuIEtvdGEgU2VtYXJhbmdaIyIhdG9rbyBiYWhhbiBiYW5ndW5hbiBrb3RhIHNlbWFyYW5nkgEYYnVpbGRpbmdfbWF0ZXJpYWxzX3N0b3Jl4AEA!16s%2Fg%2F1tf1kywv?entry=ttu&g_ep=EgoyMDI0MTExOS4yIKXMDSoASAFQAw%3D%3D"
Sidorejo Toko,(024) 3519631,"Jl. Sidorejo No.131, Sarirejo, Kec. Semarang Tim., Kota Semarang, Jawa Tengah 50124",Kec. Semarang Tim.,Kota Semarang,Jawa Tengah,50124,5.0,1,-6.9769804,110.4347443,"https://www.google.com/maps/place/Sidorejo+Toko/@-6.9709744,110.4100231,15z/data=!4m11!1m3!2m2!1sToko+Bahan+Bangunan+Kota+Semarang!6e6!3m6!1s0x2e708cac8aafb391:0xed2b1e0c43342fc0!8m2!3d-6.9769804!4d110.4347443!15sCiFUb2tvIEJhaGFuIEJhbmd1bmFuIEtvdGEgU2VtYXJhbmdaIyIhdG9rbyBiYWhhbiBiYW5ndW5hbiBrb3RhIHNlbWFyYW5nkgELcGFpbnRfc3RvcmXgAQA!16s%2Fg%2F1pzr7rvf9?entry=ttu&g_ep=EgoyMDI0MTExOS4yIKXMDSoASAFQAw%3D%3D"
"Toko Wallpaper Rensa Thamrin (Lantai Vinyl, Wallsticker, Wallfoam, Wallpanel, Blind, Gorden, Sandblast, Rumput Sintetis)",6281573484444,"Miroto, Kec. Semarang Tengah, Kota Semarang, Jawa Tengah 50134",Kec. Semarang Tengah,Kota Semarang,Jawa Tengah,50134,4.8,48,-6.9830722,110.4176405,"https://www.google.com/maps/place/Toko+Wallpaper+Rensa+Thamrin+(Lantai+Vinyl,+Wallsticker,+Wallfoam,+Wallpanel,+Blind,+Gorden,+Sandblast,+Rumput+Sintetis)/@-6.9830722,110.3996161,15z/data=!4m11!1m3!2m2!1sToko+Bahan+Bangunan+Kota+Semarang!6e6!3m6!1s0x2e708b0b3a0fb72b:0x8ff152b10c3153af!8m2!3d-6.9830722!4d110.4176405!15sCiFUb2tvIEJhaGFuIEJhbmd1bmFuIEtvdGEgU2VtYXJhbmdaIyIhdG9rbyBiYWhhbiBiYW5ndW5hbiBrb3RhIHNlbWFyYW5nkgEVZHJ5X3dhbGxfc3VwcGx5X3N0b3Jl4AEA!16s%2Fg%2F11fn2f8wkm?entry=ttu&g_ep=EgoyMDI0MTExOS4yIKXMDSoASAFQAw%3D%3D"
TOKO BAHAN BANGUNAN CB,628388835480,"Jl. Mgr Sugiyopranoto No.10, Bulustalan, Kec. Semarang Sel., Kota Semarang, Jawa Tengah 50246",Kec. Semarang Sel.,Kota Semarang,Jawa Tengah,50246,,,-6.983577,110.406975,"https://www.google.com/maps/place/TOKO+BAHAN+BANGUNAN+CB/@-6.983577,110.3889506,15z/data=!4m11!1m3!2m2!1sToko+Bahan+Bangunan+Kota+Semarang!6e6!3m6!1s0x2e708b3ab414f819:0xdaf67e6fffa11cfd!8m2!3d-6.983577!4d110.406975!15sCiFUb2tvIEJhaGFuIEJhbmd1bmFuIEtvdGEgU2VtYXJhbmeSAQ5oYXJkd2FyZV9zdG9yZeABAA!16s%2Fg%2F11w3qjj4zy?entry=ttu&g_ep=EgoyMDI0MTExOS4yIKXMDSoASAFQAw%3D%3D"
CV. Sarana Cipta Graha (SCG),(024) 3513666,"Jl. K.H. Agus Salim No.D 18A, Purwodinatan, Kec. Semarang Tengah, Kota Semarang, Jawa Tengah 50137",Kec. Semarang Tengah,Kota Semarang,Jawa Tengah,50137,4.8,26,-6.9705943,110.4281897,"https://www.google.com/maps/place/CV.+Sarana+Cipta+Graha+(SCG)/@-6.9705943,110.4101653,15z/data=!4m11!1m3!2m2!1sToko+Bahan+Bangunan+Kota+Semarang!6e6!3m6!1s0x2e70f355db31913d:0xa02595034a43612e!8m2!3d-6.9705943!4d110.4281897!15sCiFUb2tvIEJhaGFuIEJhbmd1bmFuIEtvdGEgU2VtYXJhbmdaIyIhdG9rbyBiYWhhbiBiYW5ndW5hbiBrb3RhIHNlbWFyYW5nkgEKdGlsZV9zdG9yZeABAA!16s%2Fg%2F11f3xhh4_f?entry=ttu&g_ep=EgoyMDI0MTExOS4yIKXMDSoASAFQAw%3D%3D"
Toko Besi t,(024) 3545789,"Jl. MT. Haryono No.370 A, Jagalan, Kec. Semarang Tengah, Kota Semarang, Jawa Tengah 50136",Kec. Semarang Tengah,Kota Semarang,Jawa Tengah,50136,4.4,232,-6.9778115,110.431464,"https://www.google.com/maps/place/Toko+Besi+t/@-6.9705943,110.4101653,15z/data=!4m11!1m3!2m2!1sToko+Bahan+Bangunan+Kota+Semarang!6e6!3m6!1s0x2e708cab9cbd81cf:0x9836a555b3b448c1!8m2!3d-6.9778115!4d110.431464!15sCiFUb2tvIEJhaGFuIEJhbmd1bmFuIEtvdGEgU2VtYXJhbmdaIyIhdG9rbyBiYWhhbiBiYW5ndW5hbiBrb3RhIHNlbWFyYW5nkgEVcGx1bWJpbmdfc3VwcGx5X3N0b3Jl4AEA!16s%2Fg%2F1hm3yfp8q?entry=ttu&g_ep=EgoyMDI0MTExOS4yIKXMDSoASAFQAw%3D%3D"
Toko Besi t,(024) 3545789,"Jl. MT. Haryono No.370 A, Jagalan, Kec. Semarang Tengah, Kota Semarang, Jawa Tengah 50136",Kec. Semarang Tengah,Kota Semarang,Jawa Tengah,50136,4.4,232,-6.9778115,110.431464,"https://www.google.com/maps/place/Toko+Besi+t/@-6.9705943,110.4101653,15z/data=!4m11!1m3!2m2!1sToko+Bahan+Bangunan+Kota+Semarang!6e6!3m6!1s0x2e708cab9cbd81cf:0x9836a555b3b448c1!8m2!3d-6.9778115!4d110.431464!15sCiFUb2tvIEJhaGFuIEJhbmd1bmFuIEtvdGEgU2VtYXJhbmdaIyIhdG9rbyBiYWhhbiBiYW5ndW5hbiBrb3RhIHNlbWFyYW5nkgEVcGx1bWJpbmdfc3VwcGx5X3N0b3Jl4AEA!16s%2Fg%2F1hm3yfp8q?entry=ttu&g_ep=EgoyMDI0MTExOS4yIKXMDSoASAFQAw%3D%3D"
Bangun Indah TB,(024) 3516575,"Jl. Indraprasta No.82, Pindrikan Lor, Kec. Semarang Tengah, Kota Semarang, Jawa Tengah 50131",Kec. Semarang Tengah,Kota Semarang,Jawa Tengah,50131,4.1,17,-6.9790201,110.4067562,"https://www.google.com/maps/place/Bangun+Indah+TB/@-6.9790201,110.3887318,15z/data=!4m11!1m3!2m2!1sToko+Bahan+Bangunan+Kota+Semarang!6e6!3m6!1s0x2e708b4b70d00acf:0xb8acfef1a435eb07!8m2!3d-6.9790201!4d110.4067562!15sCiFUb2tvIEJhaGFuIEJhbmd1bmFuIEtvdGEgU2VtYXJhbmdaIyIhdG9rbyBiYWhhbiBiYW5ndW5hbiBrb3RhIHNlbWFyYW5nkgEYYnVpbGRpbmdfbWF0ZXJpYWxzX3N0b3Jl4AEA!16s%2Fg%2F1hc8cp6jm?entry=ttu&g_ep=EgoyMDI0MTExOS4yIKXMDSoASAFQAw%3D%3D"
Bangun Indah TB,(024) 3516575,"Jl. Indraprasta No.82, Pindrikan Lor, Kec. Semarang Tengah, Kota Semarang, Jawa Tengah 50131",Kec. Semarang Tengah,Kota Semarang,Jawa Tengah,50131,4.1,17,-6.9790201,110.4067562,"https://www.google.com/maps/place/Bangun+Indah+TB/@-6.9790201,110.3887318,15z/data=!4m11!1m3!2m2!1sToko+Bahan+Bangunan+Kota+Semarang!6e6!3m6!1s0x2e708b4b70d00acf:0xb8acfef1a435eb07!8m2!3d-6.9790201!4d110.4067562!15sCiFUb2tvIEJhaGFuIEJhbmd1bmFuIEtvdGEgU2VtYXJhbmdaIyIhdG9rbyBiYWhhbiBiYW5ndW5hbiBrb3RhIHNlbWFyYW5nkgEYYnVpbGRpbmdfbWF0ZXJpYWxzX3N0b3Jl4AEA!16s%2Fg%2F1hc8cp6jm?entry=ttu&g_ep=EgoyMDI0MTExOS4yIKXMDSoASAFQAw%3D%3D"
Toko Lily Plastik Semarang,(024) 3554651,"Jl. Citarum No.23, Bugangan, Kec. Semarang Tim., Kota Semarang, Jawa Tengah 50126",Kec. Semarang Tim.,Kota Semarang,Jawa Tengah,50126,4.5,1624,-6.9699917,110.4353127,"https://www.google.com/maps/place/Toko+Lily+Plastik+Semarang/@-6.9699917,110.4172883,15z/data=!4m11!1m3!2m2!1sToko+Bahan+Bangunan+Kota+Semarang!6e6!3m6!1s0x2e70f3522b025023:0xbc4d5e873f93665c!8m2!3d-6.9699917!4d110.4353127!15sCiFUb2tvIEJhaGFuIEJhbmd1bmFuIEtvdGEgU2VtYXJhbmdaIyIhdG9rbyBiYWhhbiBiYW5ndW5hbiBrb3RhIHNlbWFyYW5nkgEfd2hvbGVzYWxlcl9ob3VzZWhvbGRfYXBwbGlhbmNlc-ABAA!16s%2Fg%2F11bz_02jlt?entry=ttu&g_ep=EgoyMDI0MTExOS4yIKXMDSoASAFQAw%3D%3D"
Toko Lily Plastik Semarang,(024) 3554651,"Jl. Citarum No.23, Bugangan, Kec. Semarang Tim., Kota Semarang, Jawa Tengah 50126",Kec. Semarang Tim.,Kota Semarang,Jawa Tengah,50126,4.5,1624,-6.9699917,110.4353127,"https://www.google.com/maps/place/Toko+Lily+Plastik+Semarang/@-6.9699917,110.4172883,15z/data=!4m11!1m3!2m2!1sToko+Bahan+Bangunan+Kota+Semarang!6e6!3m6!1s0x2e70f3522b025023:0xbc4d5e873f93665c!8m2!3d-6.9699917!4d110.4353127!15sCiFUb2tvIEJhaGFuIEJhbmd1bmFuIEtvdGEgU2VtYXJhbmdaIyIhdG9rbyBiYWhhbiBiYW5ndW5hbiBrb3RhIHNlbWFyYW5nkgEfd2hvbGVzYWxlcl9ob3VzZWhvbGRfYXBwbGlhbmNlc-ABAA!16s%2Fg%2F11bz_02jlt?entry=ttu&g_ep=EgoyMDI0MTExOS4yIKXMDSoASAFQAw%3D%3D"
Perkasa Teknik,(024) 3546322,"Ruko THD, Jl. K.H. Agus Salim Blk. C No.14, Purwodinatan, Kec. Semarang Tengah, Kota Semarang, Jawa Tengah 50137",Kec. Semarang Tengah,Kota Semarang,Jawa Tengah,50137,4.5,295,-6.9710006,110.4290259,"https://www.google.com/maps/place/Perkasa+Teknik/@-6.9699917,110.4172883,15z/data=!4m11!1m3!2m2!1sToko+Bahan+Bangunan+Kota+Semarang!6e6!3m6!1s0x2e70f3542847a5bf:0x627ab5f3da570220!8m2!3d-6.9710006!4d110.4290259!15sCiFUb2tvIEJhaGFuIEJhbmd1bmFuIEtvdGEgU2VtYXJhbmdaIyIhdG9rbyBiYWhhbiBiYW5ndW5hbiBrb3RhIHNlbWFyYW5nkgEKdG9vbF9zdG9yZeABAA!16s%2Fg%2F1pzpv8cyq?entry=ttu&g_ep=EgoyMDI0MTExOS4yIKXMDSoASAFQAw%3D%3D"
Perkasa Teknik,(024) 3546322,"Ruko THD, Jl. K.H. Agus Salim Blk. C No.14, Purwodinatan, Kec. Semarang Tengah, Kota Semarang, Jawa Tengah 50137",Kec. Semarang Tengah,Kota Semarang,Jawa Tengah,50137,4.5,295,-6.9710006,110.4290259,"https://www.google.com/maps/place/Perkasa+Teknik/@-6.9699917,110.4172883,15z/data=!4m11!1m3!2m2!1sToko+Bahan+Bangunan+Kota+Semarang!6e6!3m6!1s0x2e70f3542847a5bf:0x627ab5f3da570220!8m2!3d-6.9710006!4d110.4290259!15sCiFUb2tvIEJhaGFuIEJhbmd1bmFuIEtvdGEgU2VtYXJhbmdaIyIhdG9rbyBiYWhhbiBiYW5ndW5hbiBrb3RhIHNlbWFyYW5nkgEKdG9vbF9zdG9yZeABAA!16s%2Fg%2F1pzpv8cyq?entry=ttu&g_ep=EgoyMDI0MTExOS4yIKXMDSoASAFQAw%3D%3D"
TB Pendowo Jaya,,"2CMM+Q9C, Jl. Raden Patah Jl. Mlatibaru, Rejomulyo, Kec. Semarang Tim., Kota Semarang, Jawa Tengah 50122",Kec. Semarang Tim.,Kota Semarang,Jawa Tengah,50122,,,-6.9655628,110.4333813,"https://www.google.com/maps/place/TB+Pendowo+Jaya/@-6.9699917,110.4172883,15z/data=!4m11!1m3!2m2!1sToko+Bahan+Bangunan+Kota+Semarang!6e6!3m6!1s0x2e70f31671eec5b3:0x551d8f8b83ade74a!8m2!3d-6.9655628!4d110.4333813!15sCiFUb2tvIEJhaGFuIEJhbmd1bmFuIEtvdGEgU2VtYXJhbmdaIyIhdG9rbyBiYWhhbiBiYW5ndW5hbiBrb3RhIHNlbWFyYW5nkgEYYnVpbGRpbmdfbWF0ZXJpYWxzX3N0b3Jl4AEA!16s%2Fg%2F11jk8_vp9r?entry=ttu&g_ep=EgoyMDI0MTExOS4yIKXMDSoASAFQAw%3D%3D"
TB Pendowo Jaya,,"2CMM+Q9C, Jl. Raden Patah Jl. Mlatibaru, Rejomulyo, Kec. Semarang Tim., Kota Semarang, Jawa Tengah 50122",Kec. Semarang Tim.,Kota Semarang,Jawa Tengah,50122,,,-6.9655628,110.4333813,"https://www.google.com/maps/place/TB+Pendowo+Jaya/@-6.9699917,110.4172883,15z/data=!4m11!1m3!2m2!1sToko+Bahan+Bangunan+Kota+Semarang!6e6!3m6!1s0x2e70f31671eec5b3:0x551d8f8b83ade74a!8m2!3d-6.9655628!4d110.4333813!15sCiFUb2tvIEJhaGFuIEJhbmd1bmFuIEtvdGEgU2VtYXJhbmdaIyIhdG9rbyBiYWhhbiBiYW5ndW5hbiBrb3RhIHNlbWFyYW5nkgEYYnVpbGRpbmdfbWF0ZXJpYWxzX3N0b3Jl4AEA!16s%2Fg%2F11jk8_vp9r?entry=ttu&g_ep=EgoyMDI0MTExOS4yIKXMDSoASAFQAw%3D%3D"
Toko Bangunan Mahkota,6285641234517,"Jl. Kol. Imam Suparto No.Kav. 29, Bulusan, Kec. Tembalang, Kota Semarang, Jawa Tengah 50277",Kec. Tembalang,Kota Semarang,Jawa Tengah,50277,4.5,73,-7.0607104,110.4473023,"https://www.google.com/maps/place/Toko+Bangunan+Mahkota/@-7.0607104,110.4292779,15z/data=!4m11!1m3!2m2!1sToko+Bahan+Bangunan+Kota+Semarang!6e6!3m6!1s0x2e708ea22a03112b:0x98688de6b81f4d43!8m2!3d-7.0607104!4d110.4473023!15sCiFUb2tvIEJhaGFuIEJhbmd1bmFuIEtvdGEgU2VtYXJhbmdaIyIhdG9rbyBiYWhhbiBiYW5ndW5hbiBrb3RhIHNlbWFyYW5nkgEYYnVpbGRpbmdfbWF0ZXJpYWxzX3N0b3Jl4AEA!16s%2Fg%2F1hm3c8y8x?entry=ttu&g_ep=EgoyMDI0MTExOS4yIKXMDSoASAFQAw%3D%3D"
Toko Bangunan Mahkota,6285641234517,"Jl. Kol. Imam Suparto No.Kav. 29, Bulusan, Kec. Tembalang, Kota Semarang, Jawa Tengah 50277",Kec. Tembalang,Kota Semarang,Jawa Tengah,50277,4.5,73,-7.0607104,110.4473023,"https://www.google.com/maps/place/Toko+Bangunan+Mahkota/@-7.0607104,110.4292779,15z/data=!4m11!1m3!2m2!1sToko+Bahan+Bangunan+Kota+Semarang!6e6!3m6!1s0x2e708ea22a03112b:0x98688de6b81f4d43!8m2!3d-7.0607104!4d110.4473023!15sCiFUb2tvIEJhaGFuIEJhbmd1bmFuIEtvdGEgU2VtYXJhbmdaIyIhdG9rbyBiYWhhbiBiYW5ndW5hbiBrb3RhIHNlbWFyYW5nkgEYYnVpbGRpbmdfbWF0ZXJpYWxzX3N0b3Jl4AEA!16s%2Fg%2F1hm3c8y8x?entry=ttu&g_ep=EgoyMDI0MTExOS4yIKXMDSoASAFQAw%3D%3D"
Toko Besi Tjandra,6281226221440,"Jl. Pekojan No.13, Purwodinatan, Kec. Semarang Tengah, Kota Semarang, Jawa Tengah 50137",Kec. Semarang Tengah,Kota Semarang,Jawa Tengah,50137,4.4,7,-6.9720915,110.4279078,"https://www.google.com/maps/place/Toko+Besi+Tjandra/@-6.9720915,110.4098834,15z/data=!4m11!1m3!2m2!1sToko+Bahan+Bangunan+Kota+Semarang!6e6!3m6!1s0x2e70f34a163ecfa9:0xbcc227e0a2ca94fb!8m2!3d-6.9720915!4d110.4279078!15sCiFUb2tvIEJhaGFuIEJhbmd1bmFuIEtvdGEgU2VtYXJhbmdaIyIhdG9rbyBiYWhhbiBiYW5ndW5hbiBrb3RhIHNlbWFyYW5nkgEYYnVpbGRpbmdfbWF0ZXJpYWxzX3N0b3Jl4AEA!16s%2Fg%2F11kb0x7w7z?entry=ttu&g_ep=EgoyMDI0MTExOS4yIKXMDSoASAFQAw%3D%3D"
CV. Cahyo Waskito (Keran San Ei),(024) 3551562,"Jl. Bubakan No.10, Purwodinatan, Kec. Semarang Tengah, Kota Semarang, Jawa Tengah 50137",Kec. Semarang Tengah,Kota Semarang,Jawa Tengah,50137,5.0,1,-6.9713717,110.4289896,"https://www.google.com/maps/place/CV.+Cahyo+Waskito+(Keran+San+Ei)/@-6.9720915,110.4098834,15z/data=!4m11!1m3!2m2!1sToko+Bahan+Bangunan+Kota+Semarang!6e6!3m6!1s0x2e70f355b5c0f69b:0xc5a936262340d029!8m2!3d-6.9713717!4d110.4289896!15sCiFUb2tvIEJhaGFuIEJhbmd1bmFuIEtvdGEgU2VtYXJhbmdaIyIhdG9rbyBiYWhhbiBiYW5ndW5hbiBrb3RhIHNlbWFyYW5nkgEOaGFyZHdhcmVfc3RvcmXgAQA!16s%2Fg%2F11mvzmb91w?entry=ttu&g_ep=EgoyMDI0MTExOS4yIKXMDSoASAFQAw%3D%3D"
MR. DIY - Pandanaran,(021) 30022789,"Ruko, Jl. Pandanaran No.50, Pekunden, Kec. Semarang Tengah, Kota Semarang, Jawa Tengah 50134",Kec. Semarang Tengah,Kota Semarang,Jawa Tengah,50134,4.7,855,-6.9864649,110.4148974,"https://www.google.com/maps/place/MR.+DIY+-+Pandanaran/@-6.9864649,110.396873,15z/data=!4m11!1m3!2m2!1sToko+Bahan+Bangunan+Kota+Semarang!6e6!3m6!1s0x2e708bfde3438875:0x296d6b110085ba03!8m2!3d-6.9864649!4d110.4148974!15sCiFUb2tvIEJhaGFuIEJhbmd1bmFuIEtvdGEgU2VtYXJhbmdaIyIhdG9rbyBiYWhhbiBiYW5ndW5hbiBrb3RhIHNlbWFyYW5nkgEWaG9tZV9pbXByb3ZlbWVudF9zdG9yZeABAA!16s%2Fg%2F11m_zk3sn5?entry=ttu&g_ep=EgoyMDI0MTExOS4yIKXMDSoASAFQAw%3D%3D"
INGCO Tools by GUNKA - HQ Semarang,6285179545902,"Jl. Sidorejo No.73, Sarirejo, Kec. Semarang Tim., Kota Semarang, Jawa Tengah 50124",Kec. Semarang Tim.,Kota Semarang,Jawa Tengah,50124,4.9,31,-6.9775481,110.4334245,"https://www.google.com/maps/place/INGCO+Tools+by+GUNKA+-+HQ+Semarang/@-6.9775481,110.4154001,15z/data=!4m11!1m3!2m2!1sToko+Bahan+Bangunan+Kota+Semarang!6e6!3m6!1s0x2e708d988d56a84b:0x2e8329aa762ec1fa!8m2!3d-6.9775481!4d110.4334245!15sCiFUb2tvIEJhaGFuIEJhbmd1bmFuIEtvdGEgU2VtYXJhbmdaIyIhdG9rbyBiYWhhbiBiYW5ndW5hbiBrb3RhIHNlbWFyYW5nkgEKdG9vbF9zdG9yZeABAA!16s%2Fg%2F11kpvtt73b?entry=ttu&g_ep=EgoyMDI0MTExOS4yIKXMDSoASAFQAw%3D%3D"
