name,phone,full_address,district,city,province,postal_code,reviews_score,reviews_amount,latitude,longitude,googlemaps_link
TB Subur Makmur,(024) 3511888,"Jl. MT. Haryono No.65, Purwodinatan, Kec. Semarang Tengah, Kota Semarang, Jawa Tengah 50137",Kec. Semarang Tengah,Kota Semarang,Jawa Tengah,50137,4.9,553,-6.9721843,110.3589095,"https://www.google.com/maps/place/TB+Subur+Makmur/@-6.9721843,110.3589095,13z/data=!4m11!1m3!2m2!1sToko+Bahan+Bangunan+en+Semarang!6e6!3m6!1s0x2e70f35463d94545:0xa3829f66e38435ea!8m2!3d-6.9721843!4d110.4310073!15sCh9Ub2tvIEJhaGFuIEJhbmd1bmFuIGVuIFNlbWFyYW5nWiEiH3Rva28gYmFoYW4gYmFuZ3VuYW4gZW4gc2VtYXJhbmeSARVkcnlfd2FsbF9zdXBwbHlfc3RvcmXgAQA!16s%2Fg%2F1hm33tztx?entry=ttu&g_ep=EgoyMDI0MTExOS4yIKXMDSoASAFQAw%3D%3D"
Sariaji Sejahtera | Toko Material Bahan Bangunan Komplit di Semarang,6281393070957,"Jl. Mgr Sugiyopranoto No.38, Bulustalan, Kec. Semarang Sel., Kota Semarang, Jawa Tengah 50246",Kec. Semarang Sel.,Kota Semarang,Jawa Tengah,50246,4.4,131,-6.982971,110.3335512,"https://www.google.com/maps/place/Sariaji+Sejahtera+%7C+Toko+Material+Bahan+Bangunan+Komplit+di+Semarang/@-6.982971,110.3335512,13z/data=!4m11!1m3!2m2!1sToko+Bahan+Bangunan+en+Semarang!6e6!3m6!1s0x2e708b4909524a9d:0x1327a8c5b1a2c8d9!8m2!3d-6.982971!4d110.405649!15sCh9Ub2tvIEJhaGFuIEJhbmd1bmFuIGVuIFNlbWFyYW5nWiEiH3Rva28gYmFoYW4gYmFuZ3VuYW4gZW4gc2VtYXJhbmeSARtidWlsZGluZ19tYXRlcmlhbHNfc3VwcGxpZXLgAQA!16s%2Fg%2F1hm5w2n0g?entry=ttu&g_ep=EgoyMDI0MTExOS4yIKXMDSoASAFQAw%3D%3D"
TB Megah Jaya,62811298582,"Jl. Pamularsih Raya No.111, Gisikdrono, Kec. Semarang Barat, Kota Semarang, Jawa Tengah 50149",Kec. Semarang Barat,Kota Semarang,Jawa Tengah,50149,4.7,287,-6.9870693,110.3147546,"https://www.google.com/maps/place/TB+Megah+Jaya/@-6.9870693,110.3147546,13z/data=!4m11!1m3!2m2!1sToko+Bahan+Bangunan+en+Semarang!6e6!3m6!1s0x2e708b2f63ed72a9:0x4045e9fda698dbb4!8m2!3d-6.9870693!4d110.3868524!15sCh9Ub2tvIEJhaGFuIEJhbmd1bmFuIGVuIFNlbWFyYW5nWiEiH3Rva28gYmFoYW4gYmFuZ3VuYW4gZW4gc2VtYXJhbmeSARhidWlsZGluZ19tYXRlcmlhbHNfc3RvcmXgAQA!16s%2Fg%2F1hm39rs_1?entry=ttu&g_ep=EgoyMDI0MTExOS4yIKXMDSoASAFQAw%3D%3D"
Toko Bangunan ANDA,6282125272345,"Jl. Tlogosari Raya Jl. Telaga Asmara I No.1B, Tlogosari Kulon, Kec. Pedurungan, Kota Semarang, Jawa Tengah 50196",Kec. Pedurungan,Kota Semarang,Jawa Tengah,50196,4.5,688,-6.988644,110.3855072,"https://www.google.com/maps/place/Toko+Bangunan+ANDA/@-6.988644,110.3855072,13z/data=!4m11!1m3!2m2!1sToko+Bahan+Bangunan+en+Semarang!6e6!3m6!1s0x2e708cc4118e2ebf:0x50bff89c3b2d404e!8m2!3d-6.988644!4d110.457605!15sCh9Ub2tvIEJhaGFuIEJhbmd1bmFuIGVuIFNlbWFyYW5nWiEiH3Rva28gYmFoYW4gYmFuZ3VuYW4gZW4gc2VtYXJhbmeSARhidWlsZGluZ19tYXRlcmlhbHNfc3RvcmXgAQA!16s%2Fg%2F1hc3pvxpq?entry=ttu&g_ep=EgoyMDI0MTExOS4yIKXMDSoASAFQAw%3D%3D"
AJBS Bahan Bangunan Semarang,628113525179,"Jl. Majapahit No.256258, Kalicari, Kec. Pedurungan, Kota Semarang, Jawa Tengah 50198",Kec. Pedurungan,Kota Semarang,Jawa Tengah,50198,4.5,2728,-6.988644,110.3855072,"https://www.google.com/maps/place/AJBS+Bahan+Bangunan+Semarang/@-6.988644,110.3855072,13z/data=!4m11!1m3!2m2!1sToko+Bahan+Bangunan+en+Semarang!6e6!3m6!1s0x2e708cf22355ad99:0xa16f2f3a3cb94a5a!8m2!3d-7.0057546!4d110.4553156!15sCh9Ub2tvIEJhaGFuIEJhbmd1bmFuIGVuIFNlbWFyYW5nWiEiH3Rva28gYmFoYW4gYmFuZ3VuYW4gZW4gc2VtYXJhbmeSARhidWlsZGluZ19tYXRlcmlhbHNfc3RvcmXgAQA!16s%2Fg%2F1hm3w4fhg?entry=ttu&g_ep=EgoyMDI0MTExOS4yIKXMDSoASAFQAw%3D%3D"
Toko Bangunanku,62811297850,"Jl. Suyudono No.72, Bulustalan, Kec. Semarang Sel., Kota Semarang, Jawa Tengah 50244",Kec. Semarang Sel.,Kota Semarang,Jawa Tengah,50244,4.3,278,-6.9865155,110.3332805,"https://www.google.com/maps/place/Toko+Bangunanku/@-6.9865155,110.3332805,13z/data=!4m11!1m3!2m2!1sToko+Bahan+Bangunan+en+Semarang!6e6!3m6!1s0x2e708b47c991debf:0x598265d48e1850a0!8m2!3d-6.9865155!4d110.4053783!15sCh9Ub2tvIEJhaGFuIEJhbmd1bmFuIGVuIFNlbWFyYW5nWiEiH3Rva28gYmFoYW4gYmFuZ3VuYW4gZW4gc2VtYXJhbmeSARhidWlsZGluZ19tYXRlcmlhbHNfc3RvcmXgAQA!16s%2Fg%2F11bc7t31nb?entry=ttu&g_ep=EgoyMDI0MTExOS4yIKXMDSoASAFQAw%3D%3D"
Mitra10 Semarang Supermarket Bahan Bangunan,6287800021010,"Jl. Soekarno Hatta No.299, Kalicari, Kec. Pedurungan, Kota Semarang, Jawa Tengah 50198",Kec. Pedurungan,Kota Semarang,Jawa Tengah,50198,4.5,1473,-6.9872121,110.3832599,"https://www.google.com/maps/place/Mitra10+Semarang+Supermarket+Bahan+Bangunan/@-6.9872121,110.3832599,13z/data=!4m11!1m3!2m2!1sToko+Bahan+Bangunan+en+Semarang!6e6!3m6!1s0x2e708d5f2dc119dd:0x932579e2e75ceaac!8m2!3d-6.9872121!4d110.4553577!15sCh9Ub2tvIEJhaGFuIEJhbmd1bmFuIGVuIFNlbWFyYW5nWiEiH3Rva28gYmFoYW4gYmFuZ3VuYW4gZW4gc2VtYXJhbmeSARlidWlsZGluZ19tYXRlcmlhbHNfbWFya2V04AEA!16s%2Fg%2F11qnff1d1k?entry=ttu&g_ep=EgoyMDI0MTExOS4yIKXMDSoASAFQAw%3D%3D"
"88 BAJA Home Solution Supplier  Distributor MDF/ Plywood, Triplek, Granite  Ceramic",(024) 3549098,"Jl. Pekojan Komplek Pertokoan THD Blok A  B No.8, Purwodinatan, Kec. Semarang Tengah, Kota Semarang, Jawa Tengah 50137",Kec. Semarang Tengah,Kota Semarang,Jawa Tengah,50137,4.9,1453,-6.9710689,110.3559899,"https://www.google.com/maps/place/88+BAJA+Home+Solution+Supplier+%26+Distributor+MDF%2F+Plywood,+Triplek,+Granite+%26+Ceramic/@-6.9710689,110.3559899,13z/data=!4m11!1m3!2m2!1sToko+Bahan+Bangunan+en+Semarang!6e6!3m6!1s0x2e70f355c3ddc9d7:0x9652ef80f1bc4b9f!8m2!3d-6.9710689!4d110.4280877!15sCh9Ub2tvIEJhaGFuIEJhbmd1bmFuIGVuIFNlbWFyYW5nWiEiH3Rva28gYmFoYW4gYmFuZ3VuYW4gZW4gc2VtYXJhbmeSARtidWlsZGluZ19tYXRlcmlhbHNfc3VwcGxpZXLgAQA!16s%2Fg%2F1ts6ddmc?entry=ttu&g_ep=EgoyMDI0MTExOS4yIKXMDSoASAFQAw%3D%3D"
TB Kalibaru Material Bangunan,6282279652258,"Jl. Kapten Laut Wiratno, Bandarharjo, Kec. Semarang Utara, Kota Semarang, Jawa Tengah 50136",Kec. Semarang Utara,Kota Semarang,Jawa Tengah,50136,4.7,20,-6.9710689,110.3559899,"https://www.google.com/maps/place/TB+Kalibaru+Material+Bangunan/@-6.9710689,110.3559899,13z/data=!4m11!1m3!2m2!1sToko+Bahan+Bangunan+en+Semarang!6e6!3m6!1s0x2e70f5d4e205058b:0x584e3de23daa0061!8m2!3d-6.9586508!4d110.4212235!15sCh9Ub2tvIEJhaGFuIEJhbmd1bmFuIGVuIFNlbWFyYW5nWiEiH3Rva28gYmFoYW4gYmFuZ3VuYW4gZW4gc2VtYXJhbmeSARhidWlsZGluZ19tYXRlcmlhbHNfc3RvcmXgAQA!16s%2Fg%2F11fk2gd4wq?entry=ttu&g_ep=EgoyMDI0MTExOS4yIKXMDSoASAFQAw%3D%3D"
Toko Bangunan SMB Sumber Material Bangunan,(024) 3513214,"Jl. Bugangan Raya No.9, Rejosari, Kec. Semarang Tim., Kota Semarang, Jawa Tengah 50125",Kec. Semarang Tim.,Kota Semarang,Jawa Tengah,50125,4.5,22,-6.9710689,110.3559899,"https://www.google.com/maps/place/Toko+Bangunan+SMB+%22Sumber+Material+Bangunan%22/@-6.9710689,110.3559899,13z/data=!4m11!1m3!2m2!1sToko+Bahan+Bangunan+en+Semarang!6e6!3m6!1s0x2e708cb2bb2883ff:0x8b18fc1f0f65446b!8m2!3d-6.9755875!4d110.4366172!15sCh9Ub2tvIEJhaGFuIEJhbmd1bmFuIGVuIFNlbWFyYW5nWiEiH3Rva28gYmFoYW4gYmFuZ3VuYW4gZW4gc2VtYXJhbmeSARhidWlsZGluZ19tYXRlcmlhbHNfc3RvcmXgAQA!16s%2Fg%2F11dxcgygzx?entry=ttu&g_ep=EgoyMDI0MTExOS4yIKXMDSoASAFQAw%3D%3D"
Toko Abadi Jaya,6287832339009,"Jl. Pekojan No.86, Purwodinatan, Kec. Semarang Tengah, Kota Semarang, Jawa Tengah 50137",Kec. Semarang Tengah,Kota Semarang,Jawa Tengah,50137,4.5,16,-6.9710689,110.3559899,"https://www.google.com/maps/place/Toko+Abadi+Jaya/@-6.9710689,110.3559899,13z/data=!4m11!1m3!2m2!1sToko+Bahan+Bangunan+en+Semarang!6e6!3m6!1s0x2e70f355a5b4ba9b:0x7f9ca95c0a409f92!8m2!3d-6.9739!4d110.42841!15sCh9Ub2tvIEJhaGFuIEJhbmd1bmFuIGVuIFNlbWFyYW5nWiEiH3Rva28gYmFoYW4gYmFuZ3VuYW4gZW4gc2VtYXJhbmeSARhidWlsZGluZ19tYXRlcmlhbHNfc3RvcmXgAQA!16s%2Fg%2F11bc7rkmhq?entry=ttu&g_ep=EgoyMDI0MTExOS4yIKXMDSoASAFQAw%3D%3D"
Toko Sumber Sari,628112999278,"Jl. Pekojan No.7880, Purwodinatan, Kec. Semarang Tengah, Kota Semarang, Jawa Tengah 50137",Kec. Semarang Tengah,Kota Semarang,Jawa Tengah,50137,4.8,26,-6.9710689,110.3559899,"https://www.google.com/maps/place/Toko+Sumber+Sari/@-6.9710689,110.3559899,13z/data=!4m11!1m3!2m2!1sToko+Bahan+Bangunan+en+Semarang!6e6!3m6!1s0x2e70f355098e8f83:0xa2205969e813e323!8m2!3d-6.9736948!4d110.4283463!15sCh9Ub2tvIEJhaGFuIEJhbmd1bmFuIGVuIFNlbWFyYW5nWiEiH3Rva28gYmFoYW4gYmFuZ3VuYW4gZW4gc2VtYXJhbmeSARhidWlsZGluZ19tYXRlcmlhbHNfc3RvcmXgAQA!16s%2Fg%2F1pzsrwcl6?entry=ttu&g_ep=EgoyMDI0MTExOS4yIKXMDSoASAFQAw%3D%3D"
Cv. Putra Jaya Mandiri,6281393486269,"Jl. Citarum No.68, Bugangan, Kec. Semarang Tim., Kota Semarang, Jawa Tengah 50126",Kec. Semarang Tim.,Kota Semarang,Jawa Tengah,50126,4.9,18,-6.9710689,110.3559899,"https://www.google.com/maps/place/Cv.+Putra+Jaya+Mandiri/@-6.9710689,110.3559899,13z/data=!4m11!1m3!2m2!1sToko+Bahan+Bangunan+en+Semarang!6e6!3m6!1s0x2e70f36eefeb3139:0x6d5e628dbb104fa4!8m2!3d-6.9696766!4d110.436721!15sCh9Ub2tvIEJhaGFuIEJhbmd1bmFuIGVuIFNlbWFyYW5nWiEiH3Rva28gYmFoYW4gYmFuZ3VuYW4gZW4gc2VtYXJhbmeSARhidWlsZGluZ19tYXRlcmlhbHNfc3RvcmXgAQA!16s%2Fg%2F11f5psg3qn?entry=ttu&g_ep=EgoyMDI0MTExOS4yIKXMDSoASAFQAw%3D%3D"
Toko New Lestari,(024) 3518766,"Jl. K.H. Agus Salim No.Kav. 849, Purwodinatan, Kec. Semarang Tengah, Kota Semarang, Jawa Tengah 50137",Kec. Semarang Tengah,Kota Semarang,Jawa Tengah,50137,4.0,95,-6.9710689,110.3559899,"https://www.google.com/maps/place/Toko+New+Lestari/@-6.9710689,110.3559899,13z/data=!4m11!1m3!2m2!1sToko+Bahan+Bangunan+en+Semarang!6e6!3m6!1s0x2e70f355e619e3db:0xf633790afbd45da3!8m2!3d-6.970667!4d110.4274!15sCh9Ub2tvIEJhaGFuIEJhbmd1bmFuIGVuIFNlbWFyYW5nWiEiH3Rva28gYmFoYW4gYmFuZ3VuYW4gZW4gc2VtYXJhbmeSARhidWlsZGluZ19tYXRlcmlhbHNfc3RvcmXgAQA!16s%2Fg%2F11b6d7681c?entry=ttu&g_ep=EgoyMDI0MTExOS4yIKXMDSoASAFQAw%3D%3D"
SINAR KENCANA TB,6285225528042,"Jl. Petolongan No.11, Purwodinatan, Kec. Semarang Tengah, Kota Semarang, Jawa Tengah 50137",Kec. Semarang Tengah,Kota Semarang,Jawa Tengah,50137,4.5,63,-6.9710689,110.3559899,"https://www.google.com/maps/place/SINAR+KENCANA+TB/@-6.9710689,110.3559899,13z/data=!4m11!1m3!2m2!1sToko+Bahan+Bangunan+en+Semarang!6e6!3m6!1s0x2e70f3550095fea1:0x736e8eb561e145bb!8m2!3d-6.972603!4d110.42891!15sCh9Ub2tvIEJhaGFuIEJhbmd1bmFuIGVuIFNlbWFyYW5nWiEiH3Rva28gYmFoYW4gYmFuZ3VuYW4gZW4gc2VtYXJhbmeSAQ5oYXJkd2FyZV9zdG9yZeABAA!16s%2Fg%2F11fzbl6wwt?entry=ttu&g_ep=EgoyMDI0MTExOS4yIKXMDSoASAFQAw%3D%3D"
Toko Bangunan Dita Pratama,6287832657982,"Jl. Jeruk Kingkit No.84, Kebonagung, Kec. Semarang Tim., Kota Semarang, Jawa Tengah 50123",Kec. Semarang Tim.,Kota Semarang,Jawa Tengah,50123,5.0,4,-6.9710689,110.3559899,"https://www.google.com/maps/place/Toko+Bangunan+Dita+Pratama/@-6.9710689,110.3559899,13z/data=!4m11!1m3!2m2!1sToko+Bahan+Bangunan+en+Semarang!6e6!3m6!1s0x2e70f3a1ead4f6eb:0x708599805369b6d0!8m2!3d-6.9719516!4d110.4328252!15sCh9Ub2tvIEJhaGFuIEJhbmd1bmFuIGVuIFNlbWFyYW5nWiEiH3Rva28gYmFoYW4gYmFuZ3VuYW4gZW4gc2VtYXJhbmeSARhidWlsZGluZ19tYXRlcmlhbHNfc3RvcmXgAQA!16s%2Fg%2F11k5j79qwx?entry=ttu&g_ep=EgoyMDI0MTExOS4yIKXMDSoASAFQAw%3D%3D"
TB Hateha,(024) 3545966,"JL. Mlaten Trenggulun 16 RT 00713, Semarang, 50126, Mlatibaru, Semarang Timur, Semarang City, Central Java 50122",Semarang Timur,Semarang City,Central Java,50122,4.5,4,-6.9710689,110.3559899,"https://www.google.com/maps/place/TB+Hateha/@-6.9710689,110.3559899,13z/data=!4m11!1m3!2m2!1sToko+Bahan+Bangunan+en+Semarang!6e6!3m6!1s0x2e70f351b36752b7:0xc7274893571dbe5d!8m2!3d-6.9682769!4d110.4348434!15sCh9Ub2tvIEJhaGFuIEJhbmd1bmFuIGVuIFNlbWFyYW5nWiEiH3Rva28gYmFoYW4gYmFuZ3VuYW4gZW4gc2VtYXJhbmeSARhidWlsZGluZ19tYXRlcmlhbHNfc3RvcmXgAQA!16s%2Fg%2F1hc573ft9?entry=ttu&g_ep=EgoyMDI0MTExOS4yIKXMDSoASAFQAw%3D%3D"
Pantes Home Decoration Gallery,(024) 3522022,"jl.pekojan pertokoan THD A7, Purwodinatan, Kec. Semarang Tengah, Kota Semarang, Jawa Tengah 50137",Kec. Semarang Tengah,Kota Semarang,Jawa Tengah,50137,4.7,1162,-6.9710689,110.3559899,"https://www.google.com/maps/place/Pantes+Home+Decoration+Gallery/@-6.9710689,110.3559899,13z/data=!4m11!1m3!2m2!1sToko+Bahan+Bangunan+en+Semarang!6e6!3m6!1s0x2e70f355c4eb6067:0x6a83e37832b1bbf9!8m2!3d-6.970966!4d110.4279964!15sCh9Ub2tvIEJhaGFuIEJhbmd1bmFuIGVuIFNlbWFyYW5nWiEiH3Rva28gYmFoYW4gYmFuZ3VuYW4gZW4gc2VtYXJhbmeSARVkcnlfd2FsbF9zdXBwbHlfc3RvcmXgAQA!16s%2Fg%2F1hm5d8_t2?entry=ttu&g_ep=EgoyMDI0MTExOS4yIKXMDSoASAFQAw%3D%3D"
Toko Bangunan Anda Kedungmundu,,"Jl. Kedungmundu No.83, Sendangguwo, Kec. Tembalang, Kota Semarang, Jawa Tengah 50273",Kec. Tembalang,Kota Semarang,Jawa Tengah,50273,4.3,198,-7.0117734,110.3736009,"https://www.google.com/maps/place/Toko+Bangunan+Anda+Kedungmundu/@-7.0117734,110.3736009,13z/data=!4m11!1m3!2m2!1sToko+Bahan+Bangunan+en+Semarang!6e6!3m6!1s0x2e708c8bb8755b11:0xca4bae718c5d3c15!8m2!3d-7.0117734!4d110.4456987!15sCh9Ub2tvIEJhaGFuIEJhbmd1bmFuIGVuIFNlbWFyYW5nWiEiH3Rva28gYmFoYW4gYmFuZ3VuYW4gZW4gc2VtYXJhbmeSAQ5oYXJkd2FyZV9zdG9yZeABAA!16s%2Fg%2F11cnnwy2tc?entry=ttu&g_ep=EgoyMDI0MTExOS4yIKXMDSoASAFQAw%3D%3D"
Toko Anugrah Makmur Sejahtera,(024) 3542405,"Jl. Pekojan No.67 A, Purwodinatan, Kec. Semarang Tengah, Kota Semarang, Jawa Tengah 50137",Kec. Semarang Tengah,Kota Semarang,Jawa Tengah,50137,4.5,25,-7.0117734,110.3736009,"https://www.google.com/maps/place/Toko+Anugrah+Makmur+Sejahtera/@-7.0117734,110.3736009,13z/data=!4m11!1m3!2m2!1sToko+Bahan+Bangunan+en+Semarang!6e6!3m6!1s0x2e70f3553cb25825:0x30d5e4303b0bb07!8m2!3d-6.9734345!4d110.4282!15sCh9Ub2tvIEJhaGFuIEJhbmd1bmFuIGVuIFNlbWFyYW5nWiEiH3Rva28gYmFoYW4gYmFuZ3VuYW4gZW4gc2VtYXJhbmeSARhidWlsZGluZ19tYXRlcmlhbHNfc3RvcmXgAQA!16s%2Fg%2F11dym7pl1_?entry=ttu&g_ep=EgoyMDI0MTExOS4yIKXMDSoASAFQAw%3D%3D"
Toko Bangunan Mekar Jaya,6281326120088,"Jl. MT. Haryono No.219, Jagalan, Kec. Semarang Tengah, Kota Semarang, Jawa Tengah 50136",Kec. Semarang Tengah,Kota Semarang,Jawa Tengah,50136,4.3,30,-6.9734345,110.3561022,"https://www.google.com/maps/place/Toko+Bangunan+Mekar+Jaya/@-6.9734345,110.3561022,13z/data=!4m11!1m3!2m2!1sToko+Bahan+Bangunan+en+Semarang!6e6!3m6!1s0x2e708dab6cd425a5:0x5395ccb9a0c5fa61!8m2!3d-6.9767297!4d110.4310872!15sCh9Ub2tvIEJhaGFuIEJhbmd1bmFuIGVuIFNlbWFyYW5nWiEiH3Rva28gYmFoYW4gYmFuZ3VuYW4gZW4gc2VtYXJhbmeSAQp0b29sX3N0b3Jl4AEA!16s%2Fg%2F11f7by8rfl?entry=ttu&g_ep=EgoyMDI0MTExOS4yIKXMDSoASAFQAw%3D%3D"
Toko Bangunan Anda Kedungmundu,,"Jl. Kedungmundu No.83, Sendangguwo, Kec. Tembalang, Kota Semarang, Jawa Tengah 50273",Kec. Tembalang,Kota Semarang,Jawa Tengah,50273,4.3,198,-7.0117734,110.3736009,"https://www.google.com/maps/place/Toko+Bangunan+Anda+Kedungmundu/@-7.0117734,110.3736009,13z/data=!4m11!1m3!2m2!1sToko+Bahan+Bangunan+en+Semarang!6e6!3m6!1s0x2e708c8bb8755b11:0xca4bae718c5d3c15!8m2!3d-7.0117734!4d110.4456987!15sCh9Ub2tvIEJhaGFuIEJhbmd1bmFuIGVuIFNlbWFyYW5nWiEiH3Rva28gYmFoYW4gYmFuZ3VuYW4gZW4gc2VtYXJhbmeSAQ5oYXJkd2FyZV9zdG9yZeABAA!16s%2Fg%2F11cnnwy2tc?entry=ttu&g_ep=EgoyMDI0MTExOS4yIKXMDSoASAFQAw%3D%3D"
Sobat Cuan Abadi,62811276696,"Jl. Bubakan No.17A, Purwodinatan, Kec. Semarang Tengah, Kota Semarang, Jawa Tengah 50137",Kec. Semarang Tengah,Kota Semarang,Jawa Tengah,50137,5.0,6,-6.9711496,110.3578229,"https://www.google.com/maps/place/Sobat+Cuan+Abadi/@-6.9711496,110.3578229,13z/data=!4m11!1m3!2m2!1sToko+Bahan+Bangunan+en+Semarang!6e6!3m6!1s0x2e70f3c07c4c6d41:0xfb401c654a35074f!8m2!3d-6.9711496!4d110.4299207!15sCh9Ub2tvIEJhaGFuIEJhbmd1bmFuIGVuIFNlbWFyYW5nWiEiH3Rva28gYmFoYW4gYmFuZ3VuYW4gZW4gc2VtYXJhbmeSAQ5oYXJkd2FyZV9zdG9yZeABAA!16s%2Fg%2F11t5l1q2n1?entry=ttu&g_ep=EgoyMDI0MTExOS4yIKXMDSoASAFQAw%3D%3D"
Alternative by Sinar Gemilang,6287812340055,"Jl. K.H. Agus Salim No.A3, Pekojan, Kec. Semarang Utara, Kota Semarang, Jawa Tengah 50137",Kec. Semarang Utara,Kota Semarang,Jawa Tengah,50137,4.5,48,-6.9711496,110.3578229,"https://www.google.com/maps/place/Alternative+by+Sinar+Gemilang/@-6.9711496,110.3578229,13z/data=!4m11!1m3!2m2!1sToko+Bahan+Bangunan+en+Semarang!6e6!3m6!1s0x2e70f3579c770df7:0x1f4173c212d23155!8m2!3d-6.9708598!4d110.4282828!15sCh9Ub2tvIEJhaGFuIEJhbmd1bmFuIGVuIFNlbWFyYW5nWiEiH3Rva28gYmFoYW4gYmFuZ3VuYW4gZW4gc2VtYXJhbmeSARhidWlsZGluZ19tYXRlcmlhbHNfc3RvcmXgAQA!16s%2Fg%2F1tcy_0m3?entry=ttu&g_ep=EgoyMDI0MTExOS4yIKXMDSoASAFQAw%3D%3D"
SUMBU,628112606979,"Jl. Pekojan No.52, Purwodinatan, Kec. Semarang Tengah, Kota Semarang, Jawa Tengah 50137",Kec. Semarang Tengah,Kota Semarang,Jawa Tengah,50137,5.0,5,-6.9711496,110.3578229,"https://www.google.com/maps/place/SUMBU/@-6.9711496,110.3578229,13z/data=!4m11!1m3!2m2!1sToko+Bahan+Bangunan+en+Semarang!6e6!3m6!1s0x2e70f37c85a44dd3:0x136279e1defd4f4!8m2!3d-6.973144!4d110.4283267!15sCh9Ub2tvIEJhaGFuIEJhbmd1bmFuIGVuIFNlbWFyYW5nWiEiH3Rva28gYmFoYW4gYmFuZ3VuYW4gZW4gc2VtYXJhbmeSARhidWlsZGluZ19tYXRlcmlhbHNfc3RvcmXgAQA!16s%2Fg%2F11s9ftvzcl?entry=ttu&g_ep=EgoyMDI0MTExOS4yIKXMDSoASAFQAw%3D%3D"
Wijaya 33,6282227840429,"Ruko THD, Blok B7, JL. H. Agus Salim, Jl. K.H. Agus Salim, Purwodinatan, Kec. Semarang Tengah, Kota Semarang, Jawa Tengah 50137",Kec. Semarang Tengah,Kota Semarang,Jawa Tengah,50137,4.3,19,-6.9711496,110.3578229,"https://www.google.com/maps/place/Wijaya+33/@-6.9711496,110.3578229,13z/data=!4m11!1m3!2m2!1sToko+Bahan+Bangunan+en+Semarang!6e6!3m6!1s0x2e70f355c422e6ab:0x52e8b667616eb9d4!8m2!3d-6.9708512!4d110.4285828!15sCh9Ub2tvIEJhaGFuIEJhbmd1bmFuIGVuIFNlbWFyYW5nWiEiH3Rva28gYmFoYW4gYmFuZ3VuYW4gZW4gc2VtYXJhbmeSARhidWlsZGluZ19tYXRlcmlhbHNfc3RvcmXgAQA!16s%2Fg%2F1pzr6fgp3?entry=ttu&g_ep=EgoyMDI0MTExOS4yIKXMDSoASAFQAw%3D%3D"
"TOKO BESI, KERAMIK  BANGUNAN ANIS",(024) 6732585,"Dekat Universitas Semarang  STIE BPD Jateng, Jl. Soekarno Hatta No.15, Kalicari, Kec. Pedurungan, Kota Semarang, Jawa Tengah 50196",Kec. Pedurungan,Kota Semarang,Jawa Tengah,50196,4.7,76,-6.9854706,110.3827818,"https://www.google.com/maps/place/TOKO+BESI,+KERAMIK+%26+BANGUNAN+ANIS/@-6.9854706,110.3827818,13z/data=!4m11!1m3!2m2!1sToko+Bahan+Bangunan+en+Semarang!6e6!3m6!1s0x2e708d50bc138289:0xcb31be6fd6f38627!8m2!3d-6.9854706!4d110.4548796!15sCh9Ub2tvIEJhaGFuIEJhbmd1bmFuIGVuIFNlbWFyYW5nWiEiH3Rva28gYmFoYW4gYmFuZ3VuYW4gZW4gc2VtYXJhbmeSARhidWlsZGluZ19tYXRlcmlhbHNfc3RvcmXgAQA!16s%2Fg%2F1pzrr9w91?entry=ttu&g_ep=EgoyMDI0MTExOS4yIKXMDSoASAFQAw%3D%3D"
Tb. Maju Jaya,(024) 3517269,"Jl. Moh. Suyudi No.83, Miroto, Kec. Semarang Tengah, Kota Semarang, Jawa Tengah 50135",Kec. Semarang Tengah,Kota Semarang,Jawa Tengah,50135,4.5,16,-6.9827942,110.3457538,"https://www.google.com/maps/place/Tb.+Maju+Jaya/@-6.9827942,110.3457538,13z/data=!4m11!1m3!2m2!1sToko+Bahan+Bangunan+en+Semarang!6e6!3m6!1s0x2e708b51046912ef:0xd5d9919c0e591e48!8m2!3d-6.9827942!4d110.4178516!15sCh9Ub2tvIEJhaGFuIEJhbmd1bmFuIGVuIFNlbWFyYW5nWiEiH3Rva28gYmFoYW4gYmFuZ3VuYW4gZW4gc2VtYXJhbmeSARhidWlsZGluZ19tYXRlcmlhbHNfc3RvcmXgAQA!16s%2Fg%2F11gbzc0j9w?entry=ttu&g_ep=EgoyMDI0MTExOS4yIKXMDSoASAFQAw%3D%3D"
Toko Besi Rejeki,(024) 3556994,"Komplek THD, Jl. K.H. Agus Salim Blok A5, Purwodinatan, Kec. Semarang Tengah, Kota Semarang, Jawa Tengah 50137",Kec. Semarang Tengah,Kota Semarang,Jawa Tengah,50137,4.5,17,-6.9827942,110.3457538,"https://www.google.com/maps/place/Toko+Besi+Rejeki/@-6.9827942,110.3457538,13z/data=!4m11!1m3!2m2!1sToko+Bahan+Bangunan+en+Semarang!6e6!3m6!1s0x2e70f355c38f22f7:0x16746a0ff4f91eef!8m2!3d-6.9708854!4d110.4281941!15sCh9Ub2tvIEJhaGFuIEJhbmd1bmFuIGVuIFNlbWFyYW5nWiEiH3Rva28gYmFoYW4gYmFuZ3VuYW4gZW4gc2VtYXJhbmeSARhidWlsZGluZ19tYXRlcmlhbHNfc3RvcmXgAQA!16s%2Fg%2F11c5668wjg?entry=ttu&g_ep=EgoyMDI0MTExOS4yIKXMDSoASAFQAw%3D%3D"
ANUGRAH JAYA TEKNIK,6281325737677,"Jl. K.H. Agus Salim No.49 kav 19, Purwodinatan, Semarang Tengah, Semarang City, Central Java 50137",Semarang Tengah,Semarang City,Central Java,50137,3.7,3,-6.9827942,110.3457538,"https://www.google.com/maps/place/ANUGRAH+JAYA+TEKNIK/@-6.9827942,110.3457538,13z/data=!4m11!1m3!2m2!1sToko+Bahan+Bangunan+en+Semarang!6e6!3m6!1s0x2e70f300549c2837:0xc2bb2efdaa0353c5!8m2!3d-6.9704401!4d110.4296743!15sCh9Ub2tvIEJhaGFuIEJhbmd1bmFuIGVuIFNlbWFyYW5nWiEiH3Rva28gYmFoYW4gYmFuZ3VuYW4gZW4gc2VtYXJhbmeSAQ5oYXJkd2FyZV9zdG9yZZoBJENoZERTVWhOTUc5blMwVkpRMEZuU1VRemQyOXVSblZSUlJBQuABAA!16s%2Fg%2F11wn63wfcl?entry=ttu&g_ep=EgoyMDI0MTExOS4yIKXMDSoASAFQAw%3D%3D"
Toko Besi  Aluminium Wing,6287767899058,"Ruko, Jl. Bubakan Gg. Baru No.A1214, Purwodinatan, Kec. Semarang Tengah, Kota Semarang, Jawa Tengah 50137",Kec. Semarang Tengah,Kota Semarang,Jawa Tengah,50137,4.6,110,-6.9827942,110.3457538,"https://www.google.com/maps/place/Toko+Besi+%26+Aluminium+Wing/@-6.9827942,110.3457538,13z/data=!4m11!1m3!2m2!1sToko+Bahan+Bangunan+en+Semarang!6e6!3m6!1s0x2e70f35419439b77:0x241d65a8c3e2f90a!8m2!3d-6.9700517!4d110.4308042!15sCh9Ub2tvIEJhaGFuIEJhbmd1bmFuIGVuIFNlbWFyYW5nWiEiH3Rva28gYmFoYW4gYmFuZ3VuYW4gZW4gc2VtYXJhbmeSARlidWlsZGluZ19tYXRlcmlhbHNfbWFya2V04AEA!16s%2Fg%2F1hm3frc36?entry=ttu&g_ep=EgoyMDI0MTExOS4yIKXMDSoASAFQAw%3D%3D"
Toko Madju,(024) 3543511,"THD, Jl. K.H. Agus Salim No.12 Blok A, Purwodinatan, Semarang Tengah, Semarang City, Central Java 50137",Semarang Tengah,Semarang City,Central Java,50137,3.4,7,-6.9827942,110.3457538,"https://www.google.com/maps/place/Toko+Madju/@-6.9827942,110.3457538,13z/data=!4m11!1m3!2m2!1sToko+Bahan+Bangunan+en+Semarang!6e6!3m6!1s0x2e70f355c5d0160b:0x9fecd97a92bcdca1!8m2!3d-6.9708328!4d110.4283481!15sCh9Ub2tvIEJhaGFuIEJhbmd1bmFuIGVuIFNlbWFyYW5nWiEiH3Rva28gYmFoYW4gYmFuZ3VuYW4gZW4gc2VtYXJhbmeSARhidWlsZGluZ19tYXRlcmlhbHNfc3RvcmXgAQA!16s%2Fg%2F11f0kw081l?entry=ttu&g_ep=EgoyMDI0MTExOS4yIKXMDSoASAFQAw%3D%3D"
Toko Bangunan Hasanudin,(024) 3567070,"Jl. Hasanudin Blok A4 No.9, Panggung Lor, Kec. Semarang Utara, Kota Semarang, Jawa Tengah 50176",Kec. Semarang Utara,Kota Semarang,Jawa Tengah,50176,4.5,28,-6.9827942,110.3457538,"https://www.google.com/maps/place/Toko+Bangunan+Hasanudin/@-6.9827942,110.3457538,13z/data=!4m11!1m3!2m2!1sToko+Bahan+Bangunan+en+Semarang!6e6!3m6!1s0x2e70f4bc7a8a23cf:0xbfde032b2288cb8!8m2!3d-6.9602643!4d110.4106799!15sCh9Ub2tvIEJhaGFuIEJhbmd1bmFuIGVuIFNlbWFyYW5nWiEiH3Rva28gYmFoYW4gYmFuZ3VuYW4gZW4gc2VtYXJhbmeSARVkcnlfd2FsbF9zdXBwbHlfc3RvcmXgAQA!16s%2Fg%2F1hc36rtnl?entry=ttu&g_ep=EgoyMDI0MTExOS4yIKXMDSoASAFQAw%3D%3D"
CV. Arden Makmur Abadi,6281390585825,"Jl. Pekojan No.58, Purwodinatan, Kec. Semarang Tengah, Kota Semarang, Jawa Tengah 50137",Kec. Semarang Tengah,Kota Semarang,Jawa Tengah,50137,5.0,2,-6.9827942,110.3457538,"https://www.google.com/maps/place/CV.+Arden+Makmur+Abadi/@-6.9827942,110.3457538,13z/data=!4m11!1m3!2m2!1sToko+Bahan+Bangunan+en+Semarang!6e6!3m6!1s0x2e70f33ff0ca3857:0xb33ce8ef7eb7cc09!8m2!3d-6.9732488!4d110.4282837!15sCh9Ub2tvIEJhaGFuIEJhbmd1bmFuIGVuIFNlbWFyYW5nWiEiH3Rva28gYmFoYW4gYmFuZ3VuYW4gZW4gc2VtYXJhbmeSARhidWlsZGluZ19tYXRlcmlhbHNfc3RvcmXgAQA!16s%2Fg%2F11tdhlbtvn?entry=ttu&g_ep=EgoyMDI0MTExOS4yIKXMDSoASAFQAw%3D%3D"
TB. MAREM BARU,6282134708949,"Jl. Kebonharjo Raya, Tj. Mas, Kec. Semarang Utara, Kota Semarang, Jawa Tengah 50174",Kec. Semarang Utara,Kota Semarang,Jawa Tengah,50174,4.8,11,-6.9827942,110.3457538,"https://www.google.com/maps/place/TB.+MAREM+BARU/@-6.9827942,110.3457538,13z/data=!4m11!1m3!2m2!1sToko+Bahan+Bangunan+en+Semarang!6e6!3m6!1s0x2e70f3d99f8eb647:0x53522c90a5f83cc3!8m2!3d-6.9609959!4d110.4271435!15sCh9Ub2tvIEJhaGFuIEJhbmd1bmFuIGVuIFNlbWFyYW5nWiEiH3Rva28gYmFoYW4gYmFuZ3VuYW4gZW4gc2VtYXJhbmeSARhidWlsZGluZ19tYXRlcmlhbHNfc3RvcmXgAQA!16s%2Fg%2F11p4_3v8lf?entry=ttu&g_ep=EgoyMDI0MTExOS4yIKXMDSoASAFQAw%3D%3D"
On Yan,(024) 3541889,"Jl. Pekojan No.51, Purwodinatan, Kec. Semarang Tengah, Kota Semarang, Jawa Tengah 50137",Kec. Semarang Tengah,Kota Semarang,Jawa Tengah,50137,4.7,37,-6.9827942,110.3457538,"https://www.google.com/maps/place/On+Yan/@-6.9827942,110.3457538,13z/data=!4m11!1m3!2m2!1sToko+Bahan+Bangunan+en+Semarang!6e6!3m6!1s0x2e70f355a072ad87:0xb9c32b143769ded3!8m2!3d-6.972941!4d110.428102!15sCh9Ub2tvIEJhaGFuIEJhbmd1bmFuIGVuIFNlbWFyYW5nWiEiH3Rva28gYmFoYW4gYmFuZ3VuYW4gZW4gc2VtYXJhbmeSARhidWlsZGluZ19tYXRlcmlhbHNfc3RvcmXgAQA!16s%2Fg%2F1pzy7hk74?entry=ttu&g_ep=EgoyMDI0MTExOS4yIKXMDSoASAFQAw%3D%3D"
Toko Damar Johar,6285643705624,"2CHG335, Jl. Pedamaran, Kauman, Kec. Semarang Tengah, Kota Semarang, Jawa Tengah 50139",Kec. Semarang Tengah,Kota Semarang,Jawa Tengah,50139,5.0,2,-6.9827942,110.3457538,"https://www.google.com/maps/place/Toko+Damar+Johar/@-6.9827942,110.3457538,13z/data=!4m11!1m3!2m2!1sToko+Bahan+Bangunan+en+Semarang!6e6!3m6!1s0x2e70f4aa65a890a5:0x89ce0fbe5838b03a!8m2!3d-6.9723687!4d110.4252385!15sCh9Ub2tvIEJhaGFuIEJhbmd1bmFuIGVuIFNlbWFyYW5nWiEiH3Rva28gYmFoYW4gYmFuZ3VuYW4gZW4gc2VtYXJhbmeSAQ5oYXJkd2FyZV9zdG9yZeABAA!16s%2Fg%2F11g8v433tx?entry=ttu&g_ep=EgoyMDI0MTExOS4yIKXMDSoASAFQAw%3D%3D"
TB Putra Setia,6281325423330,"2F86P6V, Jl. Parang Baris Raya, Tlogosari Kulon, Kec. Pedurungan, Kota Semarang, Jawa Tengah 50196",Kec. Pedurungan,Kota Semarang,Jawa Tengah,50196,4.8,16,-6.9827942,110.3457538,"https://www.google.com/maps/place/TB+Putra+Setia/@-6.9831485,110.3884565,13z/data=!4m11!1m3!2m2!1sToko+Bahan+Bangunan+en+Semarang!6e6!3m6!1s0x2e708ccfed42b81d:0x1a445a00d6c0fcf9!8m2!3d-6.9831485!4d110.4605543!15sCh9Ub2tvIEJhaGFuIEJhbmd1bmFuIGVuIFNlbWFyYW5nWiEiH3Rva28gYmFoYW4gYmFuZ3VuYW4gZW4gc2VtYXJhbmeSARhidWlsZGluZ19tYXRlcmlhbHNfc3RvcmXgAQA!16s%2Fg%2F11cs2wpnf1?entry=ttu&g_ep=EgoyMDI0MTExOS4yIKXMDSoASAFQAw%3D%3D"
TB SUMBER MAJU,(024) 3515054,"2CM4F3C, Jalan Brotojoyo Barat ll Rt 6 Rw 3 No 4, Panggung Kidul, Semarang Utara, Jl. Brotojoyo Bar. III No.18, Panggung Kidul, Kec. Semarang Utara, Kota Semarang, Jawa Tengah 50178",Kec. Semarang Utara,Kota Semarang,Jawa Tengah,50178,4.4,39,-6.9667647,110.3332384,"https://www.google.com/maps/place/TB+SUMBER+MAJU/@-6.9667647,110.3332384,13z/data=!4m11!1m3!2m2!1sToko+Bahan+Bangunan+en+Semarang!6e6!3m6!1s0x2e70f4b79d2a9013:0x70c922b95660cf7b!8m2!3d-6.9667647!4d110.4053362!15sCh9Ub2tvIEJhaGFuIEJhbmd1bmFuIGVuIFNlbWFyYW5nWiEiH3Rva28gYmFoYW4gYmFuZ3VuYW4gZW4gc2VtYXJhbmeSAQ5oYXJkd2FyZV9zdG9yZeABAA!16s%2Fg%2F1pztqcbk1?entry=ttu&g_ep=EgoyMDI0MTExOS4yIKXMDSoASAFQAw%3D%3D"
TB Hateha,(024) 3545966,"JL. Mlaten Trenggulun 16 RT 00713, Semarang, 50126, Mlatibaru, Semarang Timur, Semarang City, Central Java 50122",Semarang Timur,Semarang City,Central Java,50122,4.5,4,-6.9682769,110.3627456,"https://www.google.com/maps/place/TB+Hateha/@-6.9682769,110.3627456,13z/data=!4m11!1m3!2m2!1sToko+Bahan+Bangunan+en+Semarang!6e6!3m6!1s0x2e70f351b36752b7:0xc7274893571dbe5d!8m2!3d-6.9682769!4d110.4348434!15sCh9Ub2tvIEJhaGFuIEJhbmd1bmFuIGVuIFNlbWFyYW5nWiEiH3Rva28gYmFoYW4gYmFuZ3VuYW4gZW4gc2VtYXJhbmeSARhidWlsZGluZ19tYXRlcmlhbHNfc3RvcmXgAQA!16s%2Fg%2F1hc573ft9?entry=ttu&g_ep=EgoyMDI0MTExOS4yIKXMDSoASAFQAw%3D%3D"
TB ADIL,6285102103939,"Jl. Tentara Pelajar, Jomblang, Kec. Candisari, Kota Semarang, Jawa Tengah 50256",Kec. Candisari,Kota Semarang,Jawa Tengah,50256,4.4,186,-6.9682769,110.3627456,"https://www.google.com/maps/place/TB+ADIL/@-6.9682769,110.3627456,13z/data=!4m11!1m3!2m2!1sToko+Bahan+Bangunan+en+Semarang!6e6!3m6!1s0x2e708c88cde4ffeb:0x43a95b0b9140b511!8m2!3d-7.0104161!4d110.4403019!15sCh9Ub2tvIEJhaGFuIEJhbmd1bmFuIGVuIFNlbWFyYW5nWiEiH3Rva28gYmFoYW4gYmFuZ3VuYW4gZW4gc2VtYXJhbmeSARhidWlsZGluZ19tYXRlcmlhbHNfc3RvcmXgAQA!16s%2Fg%2F1pzsd9rc2?entry=ttu&g_ep=EgoyMDI0MTExOS4yIKXMDSoASAFQAw%3D%3D"
TB. Melati,628122910300,"Jl. Mayjend Sutoyo No.1020, Pekunden, Kec. Semarang Tengah, Kota Semarang, Jawa Tengah 50134",Kec. Semarang Tengah,Kota Semarang,Jawa Tengah,50134,4.6,15,-6.9858703,110.3461396,"https://www.google.com/maps/place/TB.+Melati/@-6.9858703,110.3461396,13z/data=!4m11!1m3!2m2!1sToko+Bahan+Bangunan+en+Semarang!6e6!3m6!1s0x2e708b4532365c05:0xb0c9547a3f488a3a!8m2!3d-6.9858703!4d110.4182374!15sCh9Ub2tvIEJhaGFuIEJhbmd1bmFuIGVuIFNlbWFyYW5nWiEiH3Rva28gYmFoYW4gYmFuZ3VuYW4gZW4gc2VtYXJhbmeSAQ5oYXJkd2FyZV9zdG9yZeABAA!16s%2Fg%2F1hm5sbrjk?entry=ttu&g_ep=EgoyMDI0MTExOS4yIKXMDSoASAFQAw%3D%3D"
Toko Pattimura,(024) 3517925,"2CJM68X, Jl. Pattimura 20, Rejomulyo, Kec. Semarang Tim., Kota Semarang, Jawa Tengah 50227",Kec. Semarang Tim.,Kota Semarang,Jawa Tengah,50227,4.3,44,-6.9693874,110.3612563,"https://www.google.com/maps/place/Toko+Pattimura/@-6.9693874,110.3612563,13z/data=!4m11!1m3!2m2!1sToko+Bahan+Bangunan+en+Semarang!6e6!3m6!1s0x2e70f3515ed0e305:0x8f52c6ac97b464a4!8m2!3d-6.9693874!4d110.4333541!15sCh9Ub2tvIEJhaGFuIEJhbmd1bmFuIGVuIFNlbWFyYW5nWiEiH3Rva28gYmFoYW4gYmFuZ3VuYW4gZW4gc2VtYXJhbmeSAQ5oYXJkd2FyZV9zdG9yZZoBJENoZERTVWhOTUc5blMwVkpRMEZuU1VOTE9XOVRUblpuUlJBQuABAA!16s%2Fg%2F1hm2j4q2x?entry=ttu&g_ep=EgoyMDI0MTExOS4yIKXMDSoASAFQAw%3D%3D"
Pasar Bangunan,628112674402,"Jl. Wolter Monginsidi No.117, Bangetayu Wetan, Kec. Genuk, Kota Semarang, Jawa Tengah 50115",Kec. Genuk,Kota Semarang,Jawa Tengah,50115,4.9,1394,-6.979766,110.4083242,"https://www.google.com/maps/place/Pasar+Bangunan/@-6.979766,110.4083242,13z/data=!4m11!1m3!2m2!1sToko+Bahan+Bangunan+en+Semarang!6e6!3m6!1s0x2e708d2ece1c0e83:0x8a3a790a4eba4c08!8m2!3d-6.979766!4d110.480422!15sCh9Ub2tvIEJhaGFuIEJhbmd1bmFuIGVuIFNlbWFyYW5nWiEiH3Rva28gYmFoYW4gYmFuZ3VuYW4gZW4gc2VtYXJhbmeSARlidWlsZGluZ19tYXRlcmlhbHNfbWFya2V04AEA!16s%2Fg%2F11c6f0f1_f?entry=ttu&g_ep=EgoyMDI0MTExOS4yIKXMDSoASAFQAw%3D%3D"
Sumber Jaya Toko,(024) 3558690,"Jl. Kauman No.56, Bangunharjo, Kec. Semarang Tengah, Kota Semarang, Jawa Tengah 50139",Kec. Semarang Tengah,Kota Semarang,Jawa Tengah,50139,5.0,1,-6.979766,110.4083242,"https://www.google.com/maps/place/Sumber+Jaya+Toko/@-6.979766,110.4083242,13z/data=!4m11!1m3!2m2!1sToko+Bahan+Bangunan+en+Semarang!6e6!3m6!1s0x2e70f4ab177cb1cf:0x8b9db4cd42b19a67!8m2!3d-6.9743873!4d110.4225175!15sCh9Ub2tvIEJhaGFuIEJhbmd1bmFuIGVuIFNlbWFyYW5nWiEiH3Rva28gYmFoYW4gYmFuZ3VuYW4gZW4gc2VtYXJhbmeSARhidWlsZGluZ19tYXRlcmlhbHNfc3RvcmXgAQA!16s%2Fg%2F1pzrbz4_r?entry=ttu&g_ep=EgoyMDI0MTExOS4yIKXMDSoASAFQAw%3D%3D"
Toko Besi Tjandra,6281226221440,"Jl. Pekojan No.13, Purwodinatan, Kec. Semarang Tengah, Kota Semarang, Jawa Tengah 50137",Kec. Semarang Tengah,Kota Semarang,Jawa Tengah,50137,4.4,7,-6.9743873,110.3504197,"https://www.google.com/maps/place/Toko+Besi+Tjandra/@-6.9743873,110.3504197,13z/data=!4m11!1m3!2m2!1sToko+Bahan+Bangunan+en+Semarang!6e6!3m6!1s0x2e70f34a163ecfa9:0xbcc227e0a2ca94fb!8m2!3d-6.9720915!4d110.4279078!15sCh9Ub2tvIEJhaGFuIEJhbmd1bmFuIGVuIFNlbWFyYW5nWiEiH3Rva28gYmFoYW4gYmFuZ3VuYW4gZW4gc2VtYXJhbmeSARhidWlsZGluZ19tYXRlcmlhbHNfc3RvcmXgAQA!16s%2Fg%2F11kb0x7w7z?entry=ttu&g_ep=EgoyMDI0MTExOS4yIKXMDSoASAFQAw%3D%3D"
Toko Bangun Jaya,(024) 6580944,"Jl. Hayam Wuruk No.42d, Pleburan, Kec. Semarang Sel., Kota Semarang, Jawa Tengah 50241",Kec. Semarang Sel.,Kota Semarang,Jawa Tengah,50241,5.0,3,-6.9743873,110.3504197,"https://www.google.com/maps/place/Toko+Bangun+Jaya/@-6.9743873,110.3504197,13z/data=!4m11!1m3!2m2!1sToko+Bahan+Bangunan+en+Semarang!6e6!3m6!1s0x2e708c9fe1bc0cbd:0xda768859fb76ca61!8m2!3d-6.9959253!4d110.4250458!15sCh9Ub2tvIEJhaGFuIEJhbmd1bmFuIGVuIFNlbWFyYW5nWiEiH3Rva28gYmFoYW4gYmFuZ3VuYW4gZW4gc2VtYXJhbmeSARhidWlsZGluZ19tYXRlcmlhbHNfc3RvcmXgAQA!16s%2Fg%2F1pzw4680d?entry=ttu&g_ep=EgoyMDI0MTExOS4yIKXMDSoASAFQAw%3D%3D"
TB Melati,(024) 8415033,"Jl. Kyai Saleh kel No.29, Randusari, Kec. Semarang Sel., Kota Semarang, Jawa Tengah 50244",Kec. Semarang Sel.,Kota Semarang,Jawa Tengah,50244,4.5,21,-6.9743873,110.3504197,"https://www.google.com/maps/place/TB+Melati/@-6.9743873,110.3504197,13z/data=!4m11!1m3!2m2!1sToko+Bahan+Bangunan+en+Semarang!6e6!3m6!1s0x2e708b453176ea53:0x4035803cffda2ac2!8m2!3d-6.9876653!4d110.4138393!15sCh9Ub2tvIEJhaGFuIEJhbmd1bmFuIGVuIFNlbWFyYW5nWiEiH3Rva28gYmFoYW4gYmFuZ3VuYW4gZW4gc2VtYXJhbmeSAQ5oYXJkd2FyZV9zdG9yZeABAA!16s%2Fg%2F11dxs3wcvt?entry=ttu&g_ep=EgoyMDI0MTExOS4yIKXMDSoASAFQAw%3D%3D"
Naga Sakti Teknik,6283842650660,"Jl. K.H. Agus Salim No.49 kavling 3, Purwodinatan, Semarang Tengah, Semarang City, Central Java 50138",Semarang Tengah,Semarang City,Central Java,50138,4.4,65,-6.9743873,110.3504197,"https://www.google.com/maps/place/Naga+Sakti+Teknik/@-6.9743873,110.3504197,13z/data=!4m11!1m3!2m2!1sToko+Bahan+Bangunan+en+Semarang!6e6!3m6!1s0x2e70f354241a0bb7:0x4860b16f823b2a89!8m2!3d-6.9701836!4d110.4303032!15sCh9Ub2tvIEJhaGFuIEJhbmd1bmFuIGVuIFNlbWFyYW5nWiEiH3Rva28gYmFoYW4gYmFuZ3VuYW4gZW4gc2VtYXJhbmeSAQ5oYXJkd2FyZV9zdG9yZeABAA!16s%2Fg%2F1hm39947n?entry=ttu&g_ep=EgoyMDI0MTExOS4yIKXMDSoASAFQAw%3D%3D"
Toko Besi Alfa Jaya,628112784226,"Jl. Citarum No.58, Bugangan, Kec. Semarang Tim., Kota Semarang, Jawa Tengah 50126",Kec. Semarang Tim.,Kota Semarang,Jawa Tengah,50126,4.6,35,-6.9743873,110.3504197,"https://www.google.com/maps/place/Toko+Besi+Alfa+Jaya/@-6.9743873,110.3504197,13z/data=!4m11!1m3!2m2!1sToko+Bahan+Bangunan+en+Semarang!6e6!3m6!1s0x2e70f352278f317d:0xcd5489a1464600e6!8m2!3d-6.9697818!4d110.4358852!15sCh9Ub2tvIEJhaGFuIEJhbmd1bmFuIGVuIFNlbWFyYW5nWiEiH3Rva28gYmFoYW4gYmFuZ3VuYW4gZW4gc2VtYXJhbmeSARlidWlsZGluZ19tYXRlcmlhbHNfbWFya2V0mgEjQ2haRFNVaE5NRzluUzBWSlEwRm5TVVEyTm1WZlZsTjNFQUXgAQA!16s%2Fg%2F11bz_3myc1?entry=ttu&g_ep=EgoyMDI0MTExOS4yIKXMDSoASAFQAw%3D%3D"
TB. Sembodo,6281215565568,"Jl. MT. Haryono No.694, RW.02, Karangkidul, Kec. Semarang Tengah, Kota Semarang, Jawa Tengah 50136",Kec. Semarang Tengah,Kota Semarang,Jawa Tengah,50136,4.0,28,-6.9743873,110.3504197,"https://www.google.com/maps/place/TB.+Sembodo/@-6.9743873,110.3504197,13z/data=!4m11!1m3!2m2!1sToko+Bahan+Bangunan+en+Semarang!6e6!3m6!1s0x2e708dac7c64ce43:0x7752487c445297e2!8m2!3d-6.9858897!4d110.4317671!15sCh9Ub2tvIEJhaGFuIEJhbmd1bmFuIGVuIFNlbWFyYW5nWiEiH3Rva28gYmFoYW4gYmFuZ3VuYW4gZW4gc2VtYXJhbmeSARhidWlsZGluZ19tYXRlcmlhbHNfc3RvcmXgAQA!16s%2Fg%2F11h890tyg0?entry=ttu&g_ep=EgoyMDI0MTExOS4yIKXMDSoASAFQAw%3D%3D"
"UD. JAYA , Toko Besi , Cat  Alat Listrik",(024) 3550942,"Jl. Kebonharjo Raya No.2, RT.05RW.05, Tj. Mas, Kec. Semarang Utara, Kota Semarang, Jawa Tengah 50174",Kec. Semarang Utara,Kota Semarang,Jawa Tengah,50174,4.4,28,-6.9743873,110.3504197,"https://www.google.com/maps/place/UD.+JAYA+,+Toko+Besi+,+Cat+%26+Alat+Listrik/@-6.9743873,110.3504197,13z/data=!4m11!1m3!2m2!1sToko+Bahan+Bangunan+en+Semarang!6e6!3m6!1s0x2e70f358ad76e3c7:0xc6ed6d84e5d0a977!8m2!3d-6.9600202!4d110.4268715!15sCh9Ub2tvIEJhaGFuIEJhbmd1bmFuIGVuIFNlbWFyYW5nWiEiH3Rva28gYmFoYW4gYmFuZ3VuYW4gZW4gc2VtYXJhbmeSAQ5oYXJkd2FyZV9zdG9yZeABAA!16s%2Fg%2F11bz_0bscq?entry=ttu&g_ep=EgoyMDI0MTExOS4yIKXMDSoASAFQAw%3D%3D"
Toko Bangunan Sutikno,(024) 8451392,"Jl. Sumbing No.321, RT.006RW.05, Lempongsari, Kec. Gajahmungkur, Kota Semarang, Jawa Tengah 50231",Kec. Gajahmungkur,Kota Semarang,Jawa Tengah,50231,4.4,66,-6.9743873,110.3504197,"https://www.google.com/maps/place/Toko+Bangunan+Sutikno/@-6.9743873,110.3504197,13z/data=!4m11!1m3!2m2!1sToko+Bahan+Bangunan+en+Semarang!6e6!3m6!1s0x2e708b6852e0ae3d:0xe6239869d8569938!8m2!3d-6.9965253!4d110.4128288!15sCh9Ub2tvIEJhaGFuIEJhbmd1bmFuIGVuIFNlbWFyYW5nWiEiH3Rva28gYmFoYW4gYmFuZ3VuYW4gZW4gc2VtYXJhbmeSARhidWlsZGluZ19tYXRlcmlhbHNfc3RvcmXgAQA!16s%2Fg%2F1pzx7_1kh?entry=ttu&g_ep=EgoyMDI0MTExOS4yIKXMDSoASAFQAw%3D%3D"
Toko Mustika Jaya,(024) 3519544,"Jalan Letjen Jl. MT. Haryono No.396, Karangturi, Jagalan, Semarang Tengah, Semarang City, Central Java 50124",Semarang Tengah,Semarang City,Central Java,50124,4.2,21,-6.9743873,110.3504197,"https://www.google.com/maps/place/Toko+Mustika+Jaya/@-6.9743873,110.3504197,13z/data=!4m11!1m3!2m2!1sToko+Bahan+Bangunan+en+Semarang!6e6!3m6!1s0x2e708c9949d942d9:0xdf9c116f048f8051!8m2!3d-6.9779956!4d110.4314127!15sCh9Ub2tvIEJhaGFuIEJhbmd1bmFuIGVuIFNlbWFyYW5nWiEiH3Rva28gYmFoYW4gYmFuZ3VuYW4gZW4gc2VtYXJhbmeSAQ5oYXJkd2FyZV9zdG9yZeABAA!16s%2Fg%2F1pp2t_l_5?entry=ttu&g_ep=EgoyMDI0MTExOS4yIKXMDSoASAFQAw%3D%3D"
TokoHasil,628113536689,"Jl. Patimura No.5 Blok 21, Kebonagung, Kec. Semarang Tim., Kota Semarang, Jawa Tengah 50123",Kec. Semarang Tim.,Kota Semarang,Jawa Tengah,50123,4.6,227,-6.9743873,110.3504197,"https://www.google.com/maps/place/TokoHasil/@-6.9743873,110.3504197,13z/data=!4m11!1m3!2m2!1sToko+Bahan+Bangunan+en+Semarang!6e6!3m6!1s0x2e70f3515634bd65:0x7ff014d0e16c23c9!8m2!3d-6.9698979!4d110.4327188!15sCh9Ub2tvIEJhaGFuIEJhbmd1bmFuIGVuIFNlbWFyYW5nWiEiH3Rva28gYmFoYW4gYmFuZ3VuYW4gZW4gc2VtYXJhbmeSARFmYXN0ZW5lcl9zdXBwbGllcpoBJENoZERTVWhOTUc5blMwVkpRMEZuU1VSS09HOVRSVEJuUlJBQuABAA!16s%2Fg%2F1hm4n6fmw?entry=ttu&g_ep=EgoyMDI0MTExOS4yIKXMDSoASAFQAw%3D%3D"
PD Intersales,(024) 3544308,"2CJCFPM, Jl. Kolonel Sugiono, Dadapsari, Semarang, Kota Semarang, Jawa Tengah 50173",Semarang,Kota Semarang,Jawa Tengah,50173,4.8,5,-6.9743873,110.3504197,"https://www.google.com/maps/place/PD+Intersales/@-6.9743873,110.3504197,13z/data=!4m11!1m3!2m2!1sToko+Bahan+Bangunan+en+Semarang!6e6!3m6!1s0x2e70f4a916742023:0x9aa99554bd80d3d4!8m2!3d-6.9687944!4d110.4218099!15sCh9Ub2tvIEJhaGFuIEJhbmd1bmFuIGVuIFNlbWFyYW5nWiEiH3Rva28gYmFoYW4gYmFuZ3VuYW4gZW4gc2VtYXJhbmeSARhidWlsZGluZ19tYXRlcmlhbHNfc3RvcmXgAQA!16s%2Fg%2F1ydpgc_9k?entry=ttu&g_ep=EgoyMDI0MTExOS4yIKXMDSoASAFQAw%3D%3D"
Toko Bangunan Combo Putra,6285357472345,"Jl. Trunojoyo X No.2, Padangsari, Kec. Banyumanik, Kota Semarang, Jawa Tengah 50267",Kec. Banyumanik,Kota Semarang,Jawa Tengah,50267,4.5,1063,-7.0718471,110.351682,"https://www.google.com/maps/place/Toko+Bangunan+Combo+Putra/@-7.0718471,110.351682,13z/data=!4m11!1m3!2m2!1sToko+Bahan+Bangunan+en+Semarang!6e6!3m6!1s0x2e70894c93cfe3c3:0xc685bad895a17ade!8m2!3d-7.0718471!4d110.4237798!15sCh9Ub2tvIEJhaGFuIEJhbmd1bmFuIGVuIFNlbWFyYW5nWiEiH3Rva28gYmFoYW4gYmFuZ3VuYW4gZW4gc2VtYXJhbmeSARtidWlsZGluZ19tYXRlcmlhbHNfc3VwcGxpZXKaASRDaGREU1VoTk1HOW5TMFZKUTBGblNVTnhNR1JtZUdkQlJSQULgAQA!16s%2Fg%2F1hm5t7r62?entry=ttu&g_ep=EgoyMDI0MTExOS4yIKXMDSoASAFQAw%3D%3D"
S Plus Semarang,(024) 3580178,"Jl. Pekojan No.49, Purwodinatan, Kec. Semarang Tengah, Kota Semarang, Jawa Tengah 50137",Kec. Semarang Tengah,Kota Semarang,Jawa Tengah,50137,4.3,23,-6.9729545,110.356055,"https://www.google.com/maps/place/S+Plus+Semarang/@-6.9729545,110.356055,13z/data=!4m11!1m3!2m2!1sToko+Bahan+Bangunan+en+Semarang!6e6!3m6!1s0x2e70f3550ee9d763:0xeb218091fb5bfb4a!8m2!3d-6.9729545!4d110.4281528!15sCh9Ub2tvIEJhaGFuIEJhbmd1bmFuIGVuIFNlbWFyYW5nWiEiH3Rva28gYmFoYW4gYmFuZ3VuYW4gZW4gc2VtYXJhbmeSAQ5oYXJkd2FyZV9zdG9yZeABAA!16s%2Fg%2F11c1k4h5br?entry=ttu&g_ep=EgoyMDI0MTExOS4yIKXMDSoASAFQAw%3D%3D"
Toko Besi Asahi Gypsum,6282136188153,"Jl. Rejosari III No.18, Rejosari, Kec. Semarang Tim., Kota Semarang, Jawa Tengah 50125",Kec. Semarang Tim.,Kota Semarang,Jawa Tengah,50125,4.8,20,-6.9729545,110.356055,"https://www.google.com/maps/place/Toko+Besi+Asahi+Gypsum/@-6.9729545,110.356055,13z/data=!4m11!1m3!2m2!1sToko+Bahan+Bangunan+en+Semarang!6e6!3m6!1s0x2e70f2d362e58ae5:0x592b62cdb9e4fd5a!8m2!3d-6.9798602!4d110.4362068!15sCh9Ub2tvIEJhaGFuIEJhbmd1bmFuIGVuIFNlbWFyYW5nWiEiH3Rva28gYmFoYW4gYmFuZ3VuYW4gZW4gc2VtYXJhbmeSARhidWlsZGluZ19tYXRlcmlhbHNfc3RvcmXgAQA!16s%2Fg%2F1hc75pd9z?entry=ttu&g_ep=EgoyMDI0MTExOS4yIKXMDSoASAFQAw%3D%3D"
Semarang Jaya,(024) 3566768,"Jl. MT. Haryono No.217, Jagalan, Kec. Semarang Tengah, Kota Semarang, Jawa Tengah 50136",Kec. Semarang Tengah,Kota Semarang,Jawa Tengah,50136,4.5,209,-6.9729545,110.356055,"https://www.google.com/maps/place/Semarang+Jaya/@-6.9729545,110.356055,13z/data=!4m11!1m3!2m2!1sToko+Bahan+Bangunan+en+Semarang!6e6!3m6!1s0x2e708cab6f1fc46b:0x6c97d59e13f11ec0!8m2!3d-6.9766832!4d110.4310882!15sCh9Ub2tvIEJhaGFuIEJhbmd1bmFuIGVuIFNlbWFyYW5nWiEiH3Rva28gYmFoYW4gYmFuZ3VuYW4gZW4gc2VtYXJhbmeSAQp0b29sX3N0b3JlmgEkQ2hkRFNVaE5NRzluUzBWSlEwRm5TVU5QYlhGaVgzRm5SUkFC4AEA!16s%2Fg%2F1hm2m5fsr?entry=ttu&g_ep=EgoyMDI0MTExOS4yIKXMDSoASAFQAw%3D%3D"
PINANGSIA MAS - Toko Kunci  Keran (Semarang),(024) 3583449,"Jl. K.H. Agus Salim No.49 Kav. 19A, Purwodinatan, Kec. Semarang Tengah, Kota Semarang, Jawa Tengah 50137",Kec. Semarang Tengah,Kota Semarang,Jawa Tengah,50137,4.3,4,-6.9729545,110.356055,"https://www.google.com/maps/place/PINANGSIA+MAS+-+Toko+Kunci+%26+Keran+(Semarang)/@-6.9729545,110.356055,13z/data=!4m11!1m3!2m2!1sToko+Bahan+Bangunan+en+Semarang!6e6!3m6!1s0x2e70f355cd668a25:0x8e6470c7be109035!8m2!3d-6.9706587!4d110.4290824!15sCh9Ub2tvIEJhaGFuIEJhbmd1bmFuIGVuIFNlbWFyYW5nWiEiH3Rva28gYmFoYW4gYmFuZ3VuYW4gZW4gc2VtYXJhbmeSAQ5oYXJkd2FyZV9zdG9yZeABAA!16s%2Fg%2F11b7hpyb4z?entry=ttu&g_ep=EgoyMDI0MTExOS4yIKXMDSoASAFQAw%3D%3D"
Kencana Jaya,(024) 3551386,"Blk. A, Jl. K.H. Agus Salim Blok A No.2223, Purwodinatan, Kec. Semarang Tengah, Kota Semarang, Jawa Tengah 50137",Kec. Semarang Tengah,Kota Semarang,Jawa Tengah,50137,,,-6.9729545,110.356055,"https://www.google.com/maps/place/Kencana+Jaya/@-6.9729545,110.356055,13z/data=!4m11!1m3!2m2!1sToko+Bahan+Bangunan+en+Semarang!6e6!3m6!1s0x2e70f355e6f2ad59:0x84714cdce8caae84!8m2!3d-6.9709744!4d110.4280475!15sCh9Ub2tvIEJhaGFuIEJhbmd1bmFuIGVuIFNlbWFyYW5nWiEiH3Rva28gYmFoYW4gYmFuZ3VuYW4gZW4gc2VtYXJhbmeSARhidWlsZGluZ19tYXRlcmlhbHNfc3RvcmXgAQA!16s%2Fg%2F1pzvgdf2m?entry=ttu&g_ep=EgoyMDI0MTExOS4yIKXMDSoASAFQAw%3D%3D"
Purnomo Jaya TB,(024) 8315675,"Jl. MT. Haryono No.632, Purwodinatan, Kec. Semarang Tengah, Kota Semarang, Jawa Tengah 50137",Kec. Semarang Tengah,Kota Semarang,Jawa Tengah,50137,,,-6.9729545,110.356055,"https://www.google.com/maps/place/Purnomo+Jaya+TB/@-6.9729545,110.356055,13z/data=!4m11!1m3!2m2!1sToko+Bahan+Bangunan+en+Semarang!6e6!3m6!1s0x2e70f354b901bd7f:0x1e1f4d829eb6d9ed!8m2!3d-6.9741853!4d110.4308717!15sCh9Ub2tvIEJhaGFuIEJhbmd1bmFuIGVuIFNlbWFyYW5nWiEiH3Rva28gYmFoYW4gYmFuZ3VuYW4gZW4gc2VtYXJhbmeSARhidWlsZGluZ19tYXRlcmlhbHNfc3RvcmXgAQA!16s%2Fg%2F11b6d5kz63?entry=ttu&g_ep=EgoyMDI0MTExOS4yIKXMDSoASAFQAw%3D%3D"
CV. Cahyo Waskito (Keran San Ei),(024) 3551562,"Jl. Bubakan No.10, Purwodinatan, Kec. Semarang Tengah, Kota Semarang, Jawa Tengah 50137",Kec. Semarang Tengah,Kota Semarang,Jawa Tengah,50137,5.0,1,-6.9729545,110.356055,"https://www.google.com/maps/place/CV.+Cahyo+Waskito+(Keran+San+Ei)/@-6.9729545,110.356055,13z/data=!4m11!1m3!2m2!1sToko+Bahan+Bangunan+en+Semarang!6e6!3m6!1s0x2e70f355b5c0f69b:0xc5a936262340d029!8m2!3d-6.9713717!4d110.4289896!15sCh9Ub2tvIEJhaGFuIEJhbmd1bmFuIGVuIFNlbWFyYW5nWiEiH3Rva28gYmFoYW4gYmFuZ3VuYW4gZW4gc2VtYXJhbmeSAQ5oYXJkd2FyZV9zdG9yZeABAA!16s%2Fg%2F11mvzmb91w?entry=ttu&g_ep=EgoyMDI0MTExOS4yIKXMDSoASAFQAw%3D%3D"
Toko Natraco,(024) 3540692,"Jl. Pekojan No.67, Purwodinatan, Kec. Semarang Tengah, Kota Semarang, Jawa Tengah 50137",Kec. Semarang Tengah,Kota Semarang,Jawa Tengah,50137,,,-6.9729545,110.356055,"https://www.google.com/maps/place/Toko+Natraco/@-6.9729545,110.356055,13z/data=!4m11!1m3!2m2!1sToko+Bahan+Bangunan+en+Semarang!6e6!3m6!1s0x2e70f355a7c60407:0x6546e9eac7aa35c!8m2!3d-6.9724489!4d110.4283717!15sCh9Ub2tvIEJhaGFuIEJhbmd1bmFuIGVuIFNlbWFyYW5nWiEiH3Rva28gYmFoYW4gYmFuZ3VuYW4gZW4gc2VtYXJhbmeSARhidWlsZGluZ19tYXRlcmlhbHNfc3RvcmXgAQA!16s%2Fg%2F1pztyx4d4?entry=ttu&g_ep=EgoyMDI0MTExOS4yIKXMDSoASAFQAw%3D%3D"
SEMARANG RUMAH INTERIOR,62816666052,"Gg. Pinggir No.97, Kranggan, Kec. Semarang Tengah, Kota Semarang, Jawa Tengah 50135",Kec. Semarang Tengah,Kota Semarang,Jawa Tengah,50135,5.0,11,-6.9729545,110.356055,"https://www.google.com/maps/place/SEMARANG+RUMAH+INTERIOR/@-6.9729545,110.356055,13z/data=!4m11!1m3!2m2!1sToko+Bahan+Bangunan+en+Semarang!6e6!3m6!1s0x2e708d00645f92a7:0x22378ff3dc8e2bc3!8m2!3d-6.9780571!4d110.4266457!15sCh9Ub2tvIEJhaGFuIEJhbmd1bmFuIGVuIFNlbWFyYW5nWiEiH3Rva28gYmFoYW4gYmFuZ3VuYW4gZW4gc2VtYXJhbmeSARhidWlsZGluZ19tYXRlcmlhbHNfc3RvcmWaASNDaFpEU1VoTk1HOW5TMFZKUTBGblNVUTNOWFY1VmxWM0VBReABAA!16s%2Fg%2F11w9y8hxqv?entry=ttu&g_ep=EgoyMDI0MTExOS4yIKXMDSoASAFQAw%3D%3D"
Sumber Makmur Hardware,,"Jl. Bubakan II No.9, Purwodinatan, Kec. Semarang Tengah, Kota Semarang, Jawa Tengah 50137",Kec. Semarang Tengah,Kota Semarang,Jawa Tengah,50137,5.0,1,-6.9729545,110.356055,"https://www.google.com/maps/place/Sumber+Makmur+Hardware/@-6.9729545,110.356055,13z/data=!4m11!1m3!2m2!1sToko+Bahan+Bangunan+en+Semarang!6e6!3m6!1s0x2e70f3000730a2e3:0xcc112b5c8b501a4e!8m2!3d-6.9710002!4d110.4294999!15sCh9Ub2tvIEJhaGFuIEJhbmd1bmFuIGVuIFNlbWFyYW5nWiEiH3Rva28gYmFoYW4gYmFuZ3VuYW4gZW4gc2VtYXJhbmeSAQ5oYXJkd2FyZV9zdG9yZeABAA!16s%2Fg%2F11y36ln14t?entry=ttu&g_ep=EgoyMDI0MTExOS4yIKXMDSoASAFQAw%3D%3D"
Bheng Kie Toko,(024) 3540986,"JL. Petolongan 3, Semarang, 50121, Purwodinatan, Semarang Tengah, Semarang City, Central Java 50137",Semarang Tengah,Semarang City,Central Java,50137,5.0,1,-6.9729545,110.356055,"https://www.google.com/maps/place/Bheng+Kie+Toko/@-6.9729545,110.356055,13z/data=!4m11!1m3!2m2!1sToko+Bahan+Bangunan+en+Semarang!6e6!3m6!1s0x2e70f3545801d8b5:0x900d34cf0e55341!8m2!3d-6.9726306!4d110.4286601!15sCh9Ub2tvIEJhaGFuIEJhbmd1bmFuIGVuIFNlbWFyYW5nkgEYYnVpbGRpbmdfbWF0ZXJpYWxzX3N0b3Jl4AEA!16s%2Fg%2F1vvw_xrx?entry=ttu&g_ep=EgoyMDI0MTExOS4yIKXMDSoASAFQAw%3D%3D"
GOLDEN HARDWARE,6287847469790,"Jl. Patimura No.6E, Rejomulyo, Kec. Semarang Tim., Kota Semarang, Jawa Tengah 50123",Kec. Semarang Tim.,Kota Semarang,Jawa Tengah,50123,4.7,7,-6.9729545,110.356055,"https://www.google.com/maps/place/GOLDEN+HARDWARE/@-6.9729545,110.356055,13z/data=!4m11!1m3!2m2!1sToko+Bahan+Bangunan+en+Semarang!6e6!3m6!1s0x2e70f330da700375:0x9f1c1e4951c0e1f3!8m2!3d-6.969576!4d110.4322315!15sCh9Ub2tvIEJhaGFuIEJhbmd1bmFuIGVuIFNlbWFyYW5nWiEiH3Rva28gYmFoYW4gYmFuZ3VuYW4gZW4gc2VtYXJhbmeSAQ5oYXJkd2FyZV9zdG9yZeABAA!16s%2Fg%2F11r6fwjr0f?entry=ttu&g_ep=EgoyMDI0MTExOS4yIKXMDSoASAFQAw%3D%3D"
Toms Home Supply,(024) 76413090,"Jl. Brigjen Sudiarto No.218B, Gayamsari, Kec. Gayamsari, Kota Semarang, Jawa Tengah 50248",Kec. Gayamsari,Kota Semarang,Jawa Tengah,50248,4.5,131,-7.004287,110.3800553,"https://www.google.com/maps/place/Tom's+Home+Supply/@-7.004287,110.3800553,13z/data=!4m11!1m3!2m2!1sToko+Bahan+Bangunan+en+Semarang!6e6!3m6!1s0x2e708ced630763f9:0x49d30f1c8f1bcae2!8m2!3d-7.004287!4d110.4521531!15sCh9Ub2tvIEJhaGFuIEJhbmd1bmFuIGVuIFNlbWFyYW5nWiEiH3Rva28gYmFoYW4gYmFuZ3VuYW4gZW4gc2VtYXJhbmeSAQVzdG9yZZoBJENoZERTVWhOTUc5blMwVkpRMEZuU1VSS1gzTm1XbnBCUlJBQuABAA!16s%2Fg%2F11csr_k96q?entry=ttu&g_ep=EgoyMDI0MTExOS4yIKXMDSoASAFQAw%3D%3D"
TB Karunia,(024) 3553503,"No.49 Kav 6, Jl. K.H. Agus Salim No.49 Kav 6, Purwodinatan, Kec. Semarang Tengah, Kota Semarang, Jawa Tengah 50137",Kec. Semarang Tengah,Kota Semarang,Jawa Tengah,50137,2.4,22,-6.970312,110.3580172,"https://www.google.com/maps/place/TB+Karunia/@-6.970312,110.3580172,13z/data=!4m11!1m3!2m2!1sToko+Bahan+Bangunan+en+Semarang!6e6!3m6!1s0x2e70f354241a0bb7:0xfd663ed78e94bde6!8m2!3d-6.970312!4d110.430115!15sCh9Ub2tvIEJhaGFuIEJhbmd1bmFuIGVuIFNlbWFyYW5nWiEiH3Rva28gYmFoYW4gYmFuZ3VuYW4gZW4gc2VtYXJhbmeSAQ9hcHBsaWFuY2Vfc3RvcmXgAQA!16s%2Fg%2F1hm2qcz_y?entry=ttu&g_ep=EgoyMDI0MTExOS4yIKXMDSoASAFQAw%3D%3D"
Teguh Jaya,(024) 3511472,"Jl. Depok No.37, Kembangsari, Kec. Semarang Tengah, Kota Semarang, Jawa Tengah 50133",Kec. Semarang Tengah,Kota Semarang,Jawa Tengah,50133,5.0,3,-6.977502,110.3460379,"https://www.google.com/maps/place/Teguh+Jaya/@-6.977502,110.3460379,13z/data=!4m11!1m3!2m2!1sToko+Bahan+Bangunan+en+Semarang!6e6!3m6!1s0x2e708b530e285889:0xda466b4d3259270a!8m2!3d-6.977502!4d110.4181357!15sCh9Ub2tvIEJhaGFuIEJhbmd1bmFuIGVuIFNlbWFyYW5nWiEiH3Rva28gYmFoYW4gYmFuZ3VuYW4gZW4gc2VtYXJhbmeSAQ5oYXJkd2FyZV9zdG9yZeABAA!16s%2Fg%2F1hm608bsd?entry=ttu&g_ep=EgoyMDI0MTExOS4yIKXMDSoASAFQAw%3D%3D"
KRISBOW SEMARANG,(024) 3580426,"Jl. Kh Agus Salim,Ruko Jurnatan, Purwodinatan, Kec. Semarang Tengah, Kota Semarang, Jawa Tengah 50137",Kec. Semarang Tengah,Kota Semarang,Jawa Tengah,50137,4.3,67,-6.977502,110.3460379,"https://www.google.com/maps/place/KRISBOW+SEMARANG/@-6.977502,110.3460379,13z/data=!4m11!1m3!2m2!1sToko+Bahan+Bangunan+en+Semarang!6e6!3m6!1s0x2e70f354241a0bb7:0x136954ecbe508187!8m2!3d-6.9705942!4d110.429403!15sCh9Ub2tvIEJhaGFuIEJhbmd1bmFuIGVuIFNlbWFyYW5nWiEiH3Rva28gYmFoYW4gYmFuZ3VuYW4gZW4gc2VtYXJhbmeSAQ5oYXJkd2FyZV9zdG9yZeABAA!16s%2Fg%2F1hm59cy8t?entry=ttu&g_ep=EgoyMDI0MTExOS4yIKXMDSoASAFQAw%3D%3D"
CV.Makmur Jaya Abadi ( CV.MJA),62811270187,"Jl. Bubakan No.17c, Purwodinatan, Kec. Semarang Tengah, Kota Semarang, Jawa Tengah 50121",Kec. Semarang Tengah,Kota Semarang,Jawa Tengah,50121,,,-6.977502,110.3460379,"https://www.google.com/maps/place/CV.Makmur+Jaya+Abadi+(+CV.MJA)/@-6.977502,110.3460379,13z/data=!4m11!1m3!2m2!1sToko+Bahan+Bangunan+en+Semarang!6e6!3m6!1s0x2e70f3ae5b1873ef:0x63acd59037f835f5!8m2!3d-6.9711786!4d110.429769!15sCh9Ub2tvIEJhaGFuIEJhbmd1bmFuIGVuIFNlbWFyYW5nkgEOaGFyZHdhcmVfc3RvcmXgAQA!16s%2Fg%2F11w57vrzl7?entry=ttu&g_ep=EgoyMDI0MTExOS4yIKXMDSoASAFQAw%3D%3D"
GERAI KUNCI  KERAN,(024) 3567891,"Jalan K.H. Agus Salim Ruko THD Baru Blok D No.2, Purwodinatan, Kec. Semarang Tengah, Kota Semarang, Jawa Tengah 50137",Kec. Semarang Tengah,Kota Semarang,Jawa Tengah,50137,4.9,13,-6.977502,110.3460379,"https://www.google.com/maps/place/GERAI+KUNCI+%26+KERAN/@-6.977502,110.3460379,13z/data=!4m11!1m3!2m2!1sToko+Bahan+Bangunan+en+Semarang!6e6!3m6!1s0x2e70f354241a0bb7:0xf62b368c727546cf!8m2!3d-6.9704751!4d110.4295231!15sCh9Ub2tvIEJhaGFuIEJhbmd1bmFuIGVuIFNlbWFyYW5nWiEiH3Rva28gYmFoYW4gYmFuZ3VuYW4gZW4gc2VtYXJhbmeSAQ5oYXJkd2FyZV9zdG9yZeABAA!16s%2Fg%2F1hm3lshby?entry=ttu&g_ep=EgoyMDI0MTExOS4yIKXMDSoASAFQAw%3D%3D"
Pusat Teknik,6287700155566,"Jalan Kh Agus Salim No 49, Jl. Komp. Pertokoan Jurnatan No.Ruko Kav 10, Purwodinatan, Semarang Tengah, Semarang City, Central Java 50137",Semarang Tengah,Semarang City,Central Java,50137,4.4,70,-6.977502,110.3460379,"https://www.google.com/maps/place/Pusat+Teknik/@-6.977502,110.3460379,13z/data=!4m11!1m3!2m2!1sToko+Bahan+Bangunan+en+Semarang!6e6!3m6!1s0x2e70f354241a0bb7:0xfb4e81801fd2e166!8m2!3d-6.9703446!4d110.429968!15sCh9Ub2tvIEJhaGFuIEJhbmd1bmFuIGVuIFNlbWFyYW5nWiEiH3Rva28gYmFoYW4gYmFuZ3VuYW4gZW4gc2VtYXJhbmeSAQVzdG9yZeABAA!16s%2Fg%2F1hm35h21s?entry=ttu&g_ep=EgoyMDI0MTExOS4yIKXMDSoASAFQAw%3D%3D"
Toko Bangunan Mahkota,6285641234517,"Jl. Kol. Imam Suparto No.Kav. 29, Bulusan, Kec. Tembalang, Kota Semarang, Jawa Tengah 50277",Kec. Tembalang,Kota Semarang,Jawa Tengah,50277,4.5,73,-7.0607104,110.3752045,"https://www.google.com/maps/place/Toko+Bangunan+Mahkota/@-7.0607104,110.3752045,13z/data=!4m11!1m3!2m2!1sToko+Bahan+Bangunan+en+Semarang!6e6!3m6!1s0x2e708ea22a03112b:0x98688de6b81f4d43!8m2!3d-7.0607104!4d110.4473023!15sCh9Ub2tvIEJhaGFuIEJhbmd1bmFuIGVuIFNlbWFyYW5nWiEiH3Rva28gYmFoYW4gYmFuZ3VuYW4gZW4gc2VtYXJhbmeSARhidWlsZGluZ19tYXRlcmlhbHNfc3RvcmXgAQA!16s%2Fg%2F1hm3c8y8x?entry=ttu&g_ep=EgoyMDI0MTExOS4yIKXMDSoASAFQAw%3D%3D"
Toko Besi  Cat,,"2CJC666, Jl. Petek, Purwosari, Kec. Semarang Utara, Kota Semarang, Jawa Tengah 50172",Kec. Semarang Utara,Kota Semarang,Jawa Tengah,50172,3.8,16,-6.9694722,110.3484263,"https://www.google.com/maps/place/Toko+Besi+%26+Cat/@-6.9694722,110.3484263,13z/data=!4m11!1m3!2m2!1sToko+Bahan+Bangunan+en+Semarang!6e6!3m6!1s0x2e70f4a94c7fe965:0xf2d7501d3c722031!8m2!3d-6.9694722!4d110.4205241!15sCh9Ub2tvIEJhaGFuIEJhbmd1bmFuIGVuIFNlbWFyYW5nWiEiH3Rva28gYmFoYW4gYmFuZ3VuYW4gZW4gc2VtYXJhbmeSARhidWlsZGluZ19tYXRlcmlhbHNfc3RvcmXgAQA!16s%2Fg%2F11ddwwf2q3?entry=ttu&g_ep=EgoyMDI0MTExOS4yIKXMDSoASAFQAw%3D%3D"
"CV. Lestari Abadi - Toko HPL, Edging, Taco sheet",6281904366332,"Jl. Patimura No.8A, Rejomulyo, Kec. Semarang Tim., Kota Semarang, Jawa Tengah 50227",Kec. Semarang Tim.,Kota Semarang,Jawa Tengah,50227,4.4,480,-6.9694722,110.3484263,"https://www.google.com/maps/place/CV.+Lestari+Abadi+-+Toko+HPL,+Edging,+Taco+sheet/@-6.9694722,110.3484263,13z/data=!4m11!1m3!2m2!1sToko+Bahan+Bangunan+en+Semarang!6e6!3m6!1s0x2e70f351546d066d:0xedace1133ce1b493!8m2!3d-6.9695625!4d110.4325099!15sCh9Ub2tvIEJhaGFuIEJhbmd1bmFuIGVuIFNlbWFyYW5nWiEiH3Rva28gYmFoYW4gYmFuZ3VuYW4gZW4gc2VtYXJhbmeSARZob21lX2ltcHJvdmVtZW50X3N0b3JlmgEkQ2hkRFNVaE5NRzluUzBWSlEwRm5TVU41ZHpoZmMzQkJSUkFC4AEA!16s%2Fg%2F11g6ntxdk4?entry=ttu&g_ep=EgoyMDI0MTExOS4yIKXMDSoASAFQAw%3D%3D"
Alpha Utama Mandiri.PT - Semarang,(024) 3545620,"Komplek Pertokoan Jurnatan Blok A15, JL.Cendrawasih, Semarang, 50117, Purwodinatan, Semarang Tengah, Semarang City, Central Java 50137",Semarang Tengah,Semarang City,Central Java,50137,4.1,10,-6.9694722,110.3484263,"https://www.google.com/maps/place/Alpha+Utama+Mandiri.PT+-+Semarang/@-6.9694722,110.3484263,13z/data=!4m11!1m3!2m2!1sToko+Bahan+Bangunan+en+Semarang!6e6!3m6!1s0x2e70f3567dbf05e1:0xcac1de979c578f94!8m2!3d-6.9695958!4d110.4296414!15sCh9Ub2tvIEJhaGFuIEJhbmd1bmFuIGVuIFNlbWFyYW5nWiEiH3Rva28gYmFoYW4gYmFuZ3VuYW4gZW4gc2VtYXJhbmeSARh3b29kd29ya2luZ19zdXBwbHlfc3RvcmXgAQA!16s%2Fg%2F1hc8972mx?entry=ttu&g_ep=EgoyMDI0MTExOS4yIKXMDSoASAFQAw%3D%3D"
Toko Besi Purnomo,6281390865686,"Jl. Abdulrahman Saleh No.106, Manyaran, Kec. Semarang Barat, Kota Semarang, Jawa Tengah 50145",Kec. Semarang Barat,Kota Semarang,Jawa Tengah,50145,4.7,27,-6.9931754,110.3080849,"https://www.google.com/maps/place/Toko+Besi+Purnomo/@-6.9931754,110.3080849,13z/data=!4m11!1m3!2m2!1sToko+Bahan+Bangunan+en+Semarang!6e6!3m6!1s0x2e708b20c7fc03b5:0x39dc3aecd484b32a!8m2!3d-6.9931754!4d110.3801827!15sCh9Ub2tvIEJhaGFuIEJhbmd1bmFuIGVuIFNlbWFyYW5nWiEiH3Rva28gYmFoYW4gYmFuZ3VuYW4gZW4gc2VtYXJhbmeSARhidWlsZGluZ19tYXRlcmlhbHNfc3RvcmXgAQA!16s%2Fg%2F11f3s3l4yv?entry=ttu&g_ep=EgoyMDI0MTExOS4yIKXMDSoASAFQAw%3D%3D"
Budi Jaya Toko,(024) 3546595,"Gg. Baru No.49, Kranggan, Kec. Semarang Tengah, Kota Semarang, Jawa Tengah 50139",Kec. Semarang Tengah,Kota Semarang,Jawa Tengah,50139,,,-6.9757799,110.3535427,"https://www.google.com/maps/place/Budi+Jaya+Toko/@-6.9757799,110.3535427,13z/data=!4m11!1m3!2m2!1sToko+Bahan+Bangunan+en+Semarang!6e6!3m6!1s0x2e708b5547393eff:0x8083573899cbb44!8m2!3d-6.9757799!4d110.4256405!15sCh9Ub2tvIEJhaGFuIEJhbmd1bmFuIGVuIFNlbWFyYW5nWiEiH3Rva28gYmFoYW4gYmFuZ3VuYW4gZW4gc2VtYXJhbmeSARhidWlsZGluZ19tYXRlcmlhbHNfc3RvcmXgAQA!16s%2Fg%2F1hc74yxfv?entry=ttu&g_ep=EgoyMDI0MTExOS4yIKXMDSoASAFQAw%3D%3D"
Toko Sumber Makmur,(024) 3511492,"Jl. Layur No.75, Dadapsari, Kec. Semarang Utara, Kota Semarang, Jawa Tengah 50173",Kec. Semarang Utara,Kota Semarang,Jawa Tengah,50173,,,-6.9757799,110.3535427,"https://www.google.com/maps/place/Toko+Sumber+Makmur/@-6.9757799,110.3535427,13z/data=!4m11!1m3!2m2!1sToko+Bahan+Bangunan+en+Semarang!6e6!3m6!1s0x2e70f4a6205e63eb:0x661865b14b8d915e!8m2!3d-6.9650937!4d110.4218305!15sCh9Ub2tvIEJhaGFuIEJhbmd1bmFuIGVuIFNlbWFyYW5nWiEiH3Rva28gYmFoYW4gYmFuZ3VuYW4gZW4gc2VtYXJhbmeSARhidWlsZGluZ19tYXRlcmlhbHNfc3RvcmXgAQA!16s%2Fg%2F11bc7ry6p6?entry=ttu&g_ep=EgoyMDI0MTExOS4yIKXMDSoASAFQAw%3D%3D"
Arumi,6287886371902,"Ax Citarum Semarang, Jl. Citarum No.53, Bugangan, Kec. Semarang Tim., Kota Semarang, Jawa Tengah 50126",Kec. Semarang Tim.,Kota Semarang,Jawa Tengah,50126,4.3,15,-6.9757799,110.3535427,"https://www.google.com/maps/place/Arumi/@-6.9757799,110.3535427,13z/data=!4m11!1m3!2m2!1sToko+Bahan+Bangunan+en+Semarang!6e6!3m6!1s0x2e70f35205542f99:0x73394ec60b5d1d80!8m2!3d-6.9701566!4d110.4374009!15sCh9Ub2tvIEJhaGFuIEJhbmd1bmFuIGVuIFNlbWFyYW5nWiEiH3Rva28gYmFoYW4gYmFuZ3VuYW4gZW4gc2VtYXJhbmeSARhidWlsZGluZ19tYXRlcmlhbHNfc3RvcmXgAQA!16s%2Fg%2F11bz_0m8jx?entry=ttu&g_ep=EgoyMDI0MTExOS4yIKXMDSoASAFQAw%3D%3D"
Istana Besi,(024) 3550780,"Jl. K.H. Agus Salim No.1 Kav. 49, Purwodinatan, Kec. Semarang Tengah, Kota Semarang, Jawa Tengah 50137",Kec. Semarang Tengah,Kota Semarang,Jawa Tengah,50137,4.3,553,-6.9757799,110.3535427,"https://www.google.com/maps/place/Istana+Besi/@-6.9757799,110.3535427,13z/data=!4m11!1m3!2m2!1sToko+Bahan+Bangunan+en+Semarang!6e6!3m6!1s0x2e70f355f0fa14d3:0x1e43676d855fce58!8m2!3d-6.9702889!4d110.4303022!15sCh9Ub2tvIEJhaGFuIEJhbmd1bmFuIGVuIFNlbWFyYW5nWiEiH3Rva28gYmFoYW4gYmFuZ3VuYW4gZW4gc2VtYXJhbmeSAQp0b29sX3N0b3JlmgEkQ2hkRFNVaE5NRzluUzBWSlEwRm5TVU5sTmtzM2NubFJSUkFC4AEA!16s%2Fg%2F1tjxnvvx?entry=ttu&g_ep=EgoyMDI0MTExOS4yIKXMDSoASAFQAw%3D%3D"
Tjandra Kurniawan,(024) 3514997,"Jl. Gajahmada No.95a, Gabahan, Kec. Semarang Tengah, Kota Semarang, Jawa Tengah 50134",Kec. Semarang Tengah,Kota Semarang,Jawa Tengah,50134,5.0,1,-6.9757799,110.3535427,"https://www.google.com/maps/place/Tjandra+Kurniawan/@-6.9757799,110.3535427,13z/data=!4m11!1m3!2m2!1sToko+Bahan+Bangunan+en+Semarang!6e6!3m6!1s0x2e708b56e86dd9f3:0x4b241a20ed3f68dc!8m2!3d-6.9820379!4d110.4213261!15sCh9Ub2tvIEJhaGFuIEJhbmd1bmFuIGVuIFNlbWFyYW5nWiEiH3Rva28gYmFoYW4gYmFuZ3VuYW4gZW4gc2VtYXJhbmeSARhidWlsZGluZ19tYXRlcmlhbHNfc3RvcmXgAQA!16s%2Fg%2F1pzt8hv_h?entry=ttu&g_ep=EgoyMDI0MTExOS4yIKXMDSoASAFQAw%3D%3D"
Citra Toko,(024) 3519881,"JL. Letjen Haryono MT No.498, Jagalan, Kec. Semarang Tengah, Kota Semarang, Jawa Tengah 50136",Kec. Semarang Tengah,Kota Semarang,Jawa Tengah,50136,,,-6.9757799,110.3535427,"https://www.google.com/maps/place/Citra+Toko/@-6.9757799,110.3535427,13z/data=!4m11!1m3!2m2!1sToko+Bahan+Bangunan+en+Semarang!6e6!3m6!1s0x2e708cab9346fd4b:0x43a383e795ff33ba!8m2!3d-6.9783295!4d110.4314309!15sCh9Ub2tvIEJhaGFuIEJhbmd1bmFuIGVuIFNlbWFyYW5nkgEYYnVpbGRpbmdfbWF0ZXJpYWxzX3N0b3Jl4AEA!16s%2Fg%2F1pzrwldnl?entry=ttu&g_ep=EgoyMDI0MTExOS4yIKXMDSoASAFQAw%3D%3D"
Toko Bahan Bangunan Makmur,6281904982789,"Jl. Abdulrahman Saleh No.154, Manyaran, Kec. Semarang Barat, Kota Semarang, Jawa Tengah 50183",Kec. Semarang Barat,Kota Semarang,Jawa Tengah,50183,5.0,6,-6.9966209,110.3081244,"https://www.google.com/maps/place/Toko+Bahan+Bangunan+Makmur/@-6.9966209,110.3081244,13z/data=!4m11!1m3!2m2!1sToko+Bahan+Bangunan+en+Semarang!6e6!3m6!1s0x2e708b203c6fb6f9:0x47d36d0346902351!8m2!3d-6.9966209!4d110.3802222!15sCh9Ub2tvIEJhaGFuIEJhbmd1bmFuIGVuIFNlbWFyYW5nWiEiH3Rva28gYmFoYW4gYmFuZ3VuYW4gZW4gc2VtYXJhbmeSARhidWlsZGluZ19tYXRlcmlhbHNfc3RvcmXgAQA!16s%2Fg%2F11g0g_zjy3?entry=ttu&g_ep=EgoyMDI0MTExOS4yIKXMDSoASAFQAw%3D%3D"
TB. Tiga Tujuh 37,,"Jl. Erowati Raya No.37, RT.07RW.03, Bulu Lor, Kec. Semarang Utara, Kota Semarang, Jawa Tengah 50179",Kec. Semarang Utara,Kota Semarang,Jawa Tengah,50179,4.8,4,-6.9744865,110.3306769,"https://www.google.com/maps/place/TB.+Tiga+Tujuh+37/@-6.9744865,110.3306769,13z/data=!4m11!1m3!2m2!1sToko+Bahan+Bangunan+en+Semarang!6e6!3m6!1s0x2e70f4b564908321:0x6434d444ad9bf664!8m2!3d-6.9744865!4d110.4027747!15sCh9Ub2tvIEJhaGFuIEJhbmd1bmFuIGVuIFNlbWFyYW5nWiEiH3Rva28gYmFoYW4gYmFuZ3VuYW4gZW4gc2VtYXJhbmeSARhidWlsZGluZ19tYXRlcmlhbHNfc3RvcmXgAQA!16s%2Fg%2F11bzrp_80x?entry=ttu&g_ep=EgoyMDI0MTExOS4yIKXMDSoASAFQAw%3D%3D"
TJU TRUSS,(024) 3519446,"Jl. Patimura No.6C, Rejomulyo, Kec. Semarang Tim., Kota Semarang, Jawa Tengah 50126",Kec. Semarang Tim.,Kota Semarang,Jawa Tengah,50126,4.7,3,-6.9695751,110.3600779,"https://www.google.com/maps/place/TJU+TRUSS/@-6.9695751,110.3600779,13z/data=!4m11!1m3!2m2!1sToko+Bahan+Bangunan+en+Semarang!6e6!3m6!1s0x2e70f35400ba1323:0xe0b54a936ad65afe!8m2!3d-6.9695751!4d110.4321757!15sCh9Ub2tvIEJhaGFuIEJhbmd1bmFuIGVuIFNlbWFyYW5nWiEiH3Rva28gYmFoYW4gYmFuZ3VuYW4gZW4gc2VtYXJhbmeSARhidWlsZGluZ19tYXRlcmlhbHNfc3RvcmXgAQA!16s%2Fg%2F11bc7r_5n4?entry=ttu&g_ep=EgoyMDI0MTExOS4yIKXMDSoASAFQAw%3D%3D"
Granita Alam CV,(024) 3556964,"Blk. A, Jl. K.H. Agus Salim Blok A No.2223, Purwodinatan, Kec. Semarang Tengah, Kota Semarang, Jawa Tengah 50137",Kec. Semarang Tengah,Kota Semarang,Jawa Tengah,50137,,,-6.9695751,110.3600779,"https://www.google.com/maps/place/Granita+Alam+CV/@-6.9695751,110.3600779,13z/data=!4m11!1m3!2m2!1sToko+Bahan+Bangunan+en+Semarang!6e6!3m6!1s0x2e70f355e6475501:0x5877330231c9ca09!8m2!3d-6.9709744!4d110.4280475!15sCh9Ub2tvIEJhaGFuIEJhbmd1bmFuIGVuIFNlbWFyYW5nWiEiH3Rva28gYmFoYW4gYmFuZ3VuYW4gZW4gc2VtYXJhbmeSARhidWlsZGluZ19tYXRlcmlhbHNfc3RvcmXgAQA!16s%2Fg%2F1tf1kywv?entry=ttu&g_ep=EgoyMDI0MTExOS4yIKXMDSoASAFQAw%3D%3D"
Semen Gresik Mumbul,,"Jl. Petolongan No.42, Purwodinatan, Kec. Semarang Tengah, Kota Semarang, Jawa Tengah 50137",Kec. Semarang Tengah,Kota Semarang,Jawa Tengah,50137,,,-6.9695751,110.3600779,"https://www.google.com/maps/place/Semen+Gresik+Mumbul/@-6.9695751,110.3600779,13z/data=!4m11!1m3!2m2!1sToko+Bahan+Bangunan+en+Semarang!6e6!3m6!1s0x2e70f355980b685d:0x9c2aa7f05d632887!8m2!3d-6.9728164!4d110.4282447!15sCh9Ub2tvIEJhaGFuIEJhbmd1bmFuIGVuIFNlbWFyYW5nWiEiH3Rva28gYmFoYW4gYmFuZ3VuYW4gZW4gc2VtYXJhbmeSARhidWlsZGluZ19tYXRlcmlhbHNfc3RvcmXgAQA!16s%2Fg%2F11hb9q3m7r?entry=ttu&g_ep=EgoyMDI0MTExOS4yIKXMDSoASAFQAw%3D%3D"
Ong Sik Liong Fa,(024) 3540345,"Jl. Pekojan No.79, Purwodinatan, Kec. Semarang Tengah, Kota Semarang, Jawa Tengah 50137",Kec. Semarang Tengah,Kota Semarang,Jawa Tengah,50137,,,-6.9695751,110.3600779,"https://www.google.com/maps/place/Ong+Sik+Liong+Fa/@-6.9695751,110.3600779,13z/data=!4m11!1m3!2m2!1sToko+Bahan+Bangunan+en+Semarang!6e6!3m6!1s0x2e70f3550e5fe93f:0xab5034d7652b58ae!8m2!3d-6.9737961!4d110.4282294!15sCh9Ub2tvIEJhaGFuIEJhbmd1bmFuIGVuIFNlbWFyYW5nWiEiH3Rva28gYmFoYW4gYmFuZ3VuYW4gZW4gc2VtYXJhbmeSARhidWlsZGluZ19tYXRlcmlhbHNfc3RvcmXgAQA!16s%2Fg%2F1pzs1ztqz?entry=ttu&g_ep=EgoyMDI0MTExOS4yIKXMDSoASAFQAw%3D%3D"
Agung Wijaya Toko,(024) 3547529,"JL. KH Wahid Hasyim 93 RT 00702, Semarang, Kauman, Semarang Tengah, Semarang City, Central Java 50188",Semarang Tengah,Semarang City,Central Java,50188,,,-6.9695751,110.3600779,"https://www.google.com/maps/place/Agung+Wijaya+Toko/@-6.9695751,110.3600779,13z/data=!4m11!1m3!2m2!1sToko+Bahan+Bangunan+en+Semarang!6e6!3m6!1s0x2e70f4aad32aa9c5:0xd95d8da27862ac1a!8m2!3d-6.9753196!4d110.423759!15sCh9Ub2tvIEJhaGFuIEJhbmd1bmFuIGVuIFNlbWFyYW5nWiEiH3Rva28gYmFoYW4gYmFuZ3VuYW4gZW4gc2VtYXJhbmeSARhidWlsZGluZ19tYXRlcmlhbHNfc3RvcmXgAQA!16s%2Fg%2F1hc180p4j?entry=ttu&g_ep=EgoyMDI0MTExOS4yIKXMDSoASAFQAw%3D%3D"
Sinar Kencana Putra,6282227007030,"Jl. MT. Haryono No.140, Purwodinatan, Kec. Semarang Tengah, Kota Semarang, Jawa Tengah 50124",Kec. Semarang Tengah,Kota Semarang,Jawa Tengah,50124,5.0,5,-6.9695751,110.3600779,"https://www.google.com/maps/place/Sinar+Kencana+Putra/@-6.9695751,110.3600779,13z/data=!4m11!1m3!2m2!1sToko+Bahan+Bangunan+en+Semarang!6e6!3m6!1s0x2e70f308fc202d27:0x5c5793ef1a79d8f9!8m2!3d-6.9722245!4d110.4312289!15sCh9Ub2tvIEJhaGFuIEJhbmd1bmFuIGVuIFNlbWFyYW5nWiEiH3Rva28gYmFoYW4gYmFuZ3VuYW4gZW4gc2VtYXJhbmeSAQVzdG9yZeABAA!16s%2Fg%2F11rgx0n5y2?entry=ttu&g_ep=EgoyMDI0MTExOS4yIKXMDSoASAFQAw%3D%3D"
CV. Sarana Cipta Graha (SCG),(024) 3513666,"Jl. K.H. Agus Salim No.D 18A, Purwodinatan, Kec. Semarang Tengah, Kota Semarang, Jawa Tengah 50137",Kec. Semarang Tengah,Kota Semarang,Jawa Tengah,50137,4.8,26,-6.9695751,110.3600779,"https://www.google.com/maps/place/CV.+Sarana+Cipta+Graha+(SCG)/@-6.9695751,110.3600779,13z/data=!4m11!1m3!2m2!1sToko+Bahan+Bangunan+en+Semarang!6e6!3m6!1s0x2e70f355db31913d:0xa02595034a43612e!8m2!3d-6.9705943!4d110.4281897!15sCh9Ub2tvIEJhaGFuIEJhbmd1bmFuIGVuIFNlbWFyYW5nWiEiH3Rva28gYmFoYW4gYmFuZ3VuYW4gZW4gc2VtYXJhbmeSAQp0aWxlX3N0b3Jl4AEA!16s%2Fg%2F11f3xhh4_f?entry=ttu&g_ep=EgoyMDI0MTExOS4yIKXMDSoASAFQAw%3D%3D"
Sukses Semua Saya Sejahtera,6281325861658,"Jl. Ngembun No.182, Mlatibaru, Kec. Semarang Tim., Kota Semarang, Jawa Tengah 50122",Kec. Semarang Tim.,Kota Semarang,Jawa Tengah,50122,5.0,2,-6.9695751,110.3600779,"https://www.google.com/maps/place/Sukses+Semua+Saya+Sejahtera/@-6.9695751,110.3600779,13z/data=!4m11!1m3!2m2!1sToko+Bahan+Bangunan+en+Semarang!6e6!3m6!1s0x2e70f3d11c37811d:0x5ef5cb1c6ed6bb1!8m2!3d-6.9668087!4d110.434355!15sCh9Ub2tvIEJhaGFuIEJhbmd1bmFuIGVuIFNlbWFyYW5nWiEiH3Rva28gYmFoYW4gYmFuZ3VuYW4gZW4gc2VtYXJhbmeSAQp0b29sX3N0b3Jl4AEA!16s%2Fg%2F11hdqvr3t7?entry=ttu&g_ep=EgoyMDI0MTExOS4yIKXMDSoASAFQAw%3D%3D"
Toko SGT,(024) 3586417,"Jl. Citarum No.84, Bugangan, Kec. Semarang Tim., Kota Semarang, Jawa Tengah 50126",Kec. Semarang Tim.,Kota Semarang,Jawa Tengah,50126,,,-6.9695751,110.3600779,"https://www.google.com/maps/place/Toko+SGT/@-6.9695751,110.3600779,13z/data=!4m11!1m3!2m2!1sToko+Bahan+Bangunan+en+Semarang!6e6!3m6!1s0x2e70f352208705ab:0x88d4e7f1baa930a4!8m2!3d-6.9699469!4d110.4376576!15sCh9Ub2tvIEJhaGFuIEJhbmd1bmFuIGVuIFNlbWFyYW5nWiEiH3Rva28gYmFoYW4gYmFuZ3VuYW4gZW4gc2VtYXJhbmeSARhidWlsZGluZ19tYXRlcmlhbHNfc3RvcmXgAQA!16s%2Fg%2F1pzv7409y?entry=ttu&g_ep=EgoyMDI0MTExOS4yIKXMDSoASAFQAw%3D%3D"
Master Kunci Rafes,(024) 3547390,"Jl. MT. Haryono No.7, RW.05, Purwodinatan, Kec. Semarang Tengah, Kota Semarang, Jawa Tengah 50137",Kec. Semarang Tengah,Kota Semarang,Jawa Tengah,50137,4.9,11,-6.9695751,110.3600779,"https://www.google.com/maps/place/Master+Kunci+Rafes/@-6.9695751,110.3600779,13z/data=!4m11!1m3!2m2!1sToko+Bahan+Bangunan+en+Semarang!6e6!3m6!1s0x2e70f3018b128deb:0xbb33b2cf4777889e!8m2!3d-6.9708563!4d110.4309801!15sCh9Ub2tvIEJhaGFuIEJhbmd1bmFuIGVuIFNlbWFyYW5nWiEiH3Rva28gYmFoYW4gYmFuZ3VuYW4gZW4gc2VtYXJhbmeSAQ5oYXJkd2FyZV9zdG9yZeABAA!16s%2Fg%2F11h8rnzmf5?entry=ttu&g_ep=EgoyMDI0MTExOS4yIKXMDSoASAFQAw%3D%3D"
Sidorejo Toko,(024) 3519631,"Jl. Sidorejo No.131, Sarirejo, Kec. Semarang Tim., Kota Semarang, Jawa Tengah 50124",Kec. Semarang Tim.,Kota Semarang,Jawa Tengah,50124,5.0,1,-6.9695751,110.3600779,"https://www.google.com/maps/place/Sidorejo+Toko/@-6.9695751,110.3600779,13z/data=!4m11!1m3!2m2!1sToko+Bahan+Bangunan+en+Semarang!6e6!3m6!1s0x2e708cac8aafb391:0xed2b1e0c43342fc0!8m2!3d-6.9769804!4d110.4347443!15sCh9Ub2tvIEJhaGFuIEJhbmd1bmFuIGVuIFNlbWFyYW5nWiEiH3Rva28gYmFoYW4gYmFuZ3VuYW4gZW4gc2VtYXJhbmeSAQtwYWludF9zdG9yZeABAA!16s%2Fg%2F1pzr7rvf9?entry=ttu&g_ep=EgoyMDI0MTExOS4yIKXMDSoASAFQAw%3D%3D"
